S0;S1;State;y;x;e
0;0;0;97,11831379;-0,848112904;-0,592730203
0;0;0;99,11519808;-0,62031404;0,17791308
1;0;1;1,422857849;-0,07292897;1,495786819
0;0;0;103,5257881;0,791167167;0,971726877
1;0;1;-0,343629836;-0,254121915;-0,089507921
1;1;1;0,213969997;0,84461135;-0,630641352
1;0;0;99,5340886;0,719328455;-0,952284154
1;0;1;-2,487747679;-2,531633072;0,043885393
0;0;0;103,4499271;1,206863089;0,518100478
0;0;0;101,2132159;-1,182040705;1,78864866
1;0;1;-0,315536681;0,224207497;-0,539744178
1;0;0;99,74339062;0,669575684;-0,797880375
1;0;1;0,265811195;-0,761899628;1,027710823
1;0;0;103,7232348;1,335890829;0,525726591
1;0;1;-0,227332748;0,134236871;-0,361569619
1;0;0;96,89636752;-0,783970791;-0,767845449
1;0;1;-1,414380222;0,751308562;-2,165688784
0;0;0;100,8070219;-0,533118509;0,936629476
0;1;0;99,78402684;-0,14590114;0,03791456
0;0;0;104,0302712;-0,147369974;2,162505552
0;0;0;102,2392305;0,280999757;0,838615506
0;0;0;95,99527655;-1,825846994;-0,176514732
0;0;0;105,0959989;1,525722837;1,022276592
1;0;1;0,974721388;0,797040229;0,177681159
1;0;0;97,71426701;-1,647626959;0,504760465
1;0;1;0,794855168;-0,478687525;1,273542694
1;1;1;1,349437753;1,805174179;-0,455736426
1;0;0;96,06028723;-1,407406671;-0,562449713
0;1;0;102,2883341;0,881582309;0,262584763
0;1;0;98,9166281;-0,756490408;0,214804459
0;0;0;103,3310698;0,445575097;1,219959813
0;0;0;98,88185357;-0,359120804;-0,19995241
1;0;1;0,840918801;0,85426791;-0,013349108
1;0;0;102,2057316;0,816529564;0,286336217
0;0;0;96,75813342;-2,026972652;0,406039362
0;0;0;96,17713001;-0,634097432;-1,27733756
0;0;0;98,17323669;0,089354444;-1,002736099
0;0;0;102,7165106;0,515826741;0,842428562
1;0;1;-2,87467401;-2,223459887;-0,651214123
1;0;0;94,88419462;-1,992402758;-0,565499931
1;0;1;-2,28064664;-1,036833055;-1,243813585
1;0;0;101,4895249;0,183745215;0,561017259
0;0;0;99,01186129;0,08666575;-0,580735104
1;0;1;-0,107393134;-1,275093382;1,167700248
1;0;0;97,72391675;-1,38032874;0,242287115
1;0;1;2,704045983;1,722582965;0,981463018
0;0;0;104,1542262;0,961231308;1,115881787
1;0;1;1,631532314;-0,153714836;1,78524715
1;1;1;0,348958338;-0,374340061;0,723298399
0;0;0;104,493495;1,058685939;1,18806156
0;0;0;100,112268;0,273130354;-0,216996341
0;0;0;97,24390364;-0,416696366;-0,961351816
1;0;1;1,267521839;-0,080985956;1,348507794
0;0;0;101,3091335;1,467365109;-0,812798362
1;0;1;0,408696224;0,656423254;-0,24772703
1;0;0;101,6268359;1,820208126;-1,006790171
0;1;0;105,7705165;1,712551239;1,172707016
1;0;1;-0,804388947;-0,475945399;-0,328443548
1;0;0;100,0497334;0,387335604;-0,362468882
0;0;0;98,47296749;-0,052386895;-0,71112936
0;0;0;100,6206437;0,094578354;0,215743512
1;1;1;-0,583561359;-1,441803761;0,858242402
0;0;0;101,601461;-0,719626314;1,520356818
1;1;1;-0,457530405;0,786781129;-1,244311534
0;0;0;103,3597598;1,272510417;0,407369498
0;0;0;99,18035428;-0,707095751;0,297272891
0;0;0;97,67579993;0,014420038;-1,176520072
0;0;0;103,7786867;1,353841981;0,535501385
1;0;1;-2,049816885;-1,244975465;-0,80484142
1;0;0;100,2158367;0,061888841;0,046029527
0;0;0;101,8957212;0,793680783;0,154179816
0;1;0;94,38811756;-1,99463102;-0,811310201
0;0;0;101,9932918;0,374011506;0,622634388
0;0;0;102,9496641;0,339200596;1,135631464
0;0;0;96,69619001;0,179235258;-1,831140253
0;0;0;94,32495315;-1,798198355;-1,03932507
1;0;1;-2,638298611;-1,437279025;-1,201019586
1;0;0;100,5529409;-0,843410817;1,11988129
1;0;1;0,316340447;2,516826498;-2,200486051
0;0;0;103,1053787;1,18744083;0,365248525
1;0;1;0,312085149;-0,480233666;0,792318815
0;1;1;0,58756541;-0,360753347;0,948318757
1;0;0;102,3529992;1,453363438;-0,27686383
1;0;1;0,399486453;-0,293437097;0,69292355
1;0;0;104,8392485;0,145359991;2,274264261
1;0;1;1,843961854;1,52132543;0,322636424
1;0;0;99,99189185;0,530299076;-0,534353148
1;0;1;3,40868155;0,706900209;2,701781341
1;0;0;99,7818054;0,840901748;-0,949999048
1;0;1;-1,338117954;-0,641786073;-0,696331881
1;0;0;96,73722868;-0,100496891;-1,530888767
1;0;1;2,115391453;0,677252956;1,438138497
0;0;0;94,96333203;-2,537344699;0,019010713
0;0;0;100,265693;0,283388317;-0,150541837
1;0;1;-1,675518888;-1,164230525;-0,511288363
0;0;0;101,8424748;-0,315311581;1,236548997
1;0;1;1,338294169;1,23179916;0,106495008
0;0;0;99,15610942;-0,577208539;0,155263251
1;0;1;1,129358225;2,277320164;-1,147961939
1;0;0;101,627559;-0,487800662;1,301580141
1;0;1;1,314967903;-0,430670752;1,745638656
0;0;0;98,57262537;-0,612267286;-0,101420028
0;0;0;103,2669936;1,756625352;-0,12312853
0;1;0;103,08788;1,269936547;0,274003469
1;0;1;-0,291570359;-0,2350464;-0,056523959
1;1;1;0,357711087;0,245597676;0,112113412
0;0;0;99,35452252;-0,284901489;-0,037837253
1;0;1;0,472984993;0,701115823;-0,22813083
0;0;0;98,81415988;-1,711227924;1,118307864
1;0;1;1,087970531;-0,685357691;1,773328222
1;0;0;99,11390205;0,106188054;-0,549237029
1;0;1;-0,97011025;-1,516236807;0,546126557
0;0;0;96,51045073;-0,477916728;-1,266857907
0;0;0;103,7161817;0,621705567;1,236385287
1;0;1;0,572249519;0,56639692;0,005852598
1;0;0;98,24165343;-0,227581722;-0,651591563
0;0;0;99,84261876;-0,381323844;0,302633225
0;0;0;102,8547129;-0,549148353;1,976504791
1;0;1;0,48812808;1,529160727;-1,041032647
1;1;1;-0,069964017;-0,485993041;0,416029025
0;0;0;103,337509;1,091545982;0,577208539
0;0;0;103,2517528;0,510851805;1,115024588
1;0;1;-0,132266678;-0,435460379;0,303193701
1;0;0;103,3587366;-0,385439307;2,064807632
0;0;0;96,24009888;-0,494446795;-1,385503765
0;1;0;103,6826054;0,51469101;1,326611709
1;0;1;-0,745279749;-1,386501935;0,641222186
0;0;0;102,4678889;1,300509211;-0,06656478
1;0;1;0,300040028;0,494533197;-0,194493168
0;0;0;100,2457455;-1,321100171;1,443972906
1;0;1;0,269064913;-1,820208126;2,089273039
1;0;0;100,0238538;0,11403813;-0,102111244
1;1;1;0,831403213;1,527441782;-0,696038569
0;0;0;97,64680069;-0,202294359;-0,974305294
1;0;1;2,184610821;1,357680048;0,826930773
0;0;0;95,49344011;-1,74669367;-0,506586275
0;0;0;104,9631217;1,838552635;0,643008207
1;1;1;-1,057935606;-0,629613623;-0,428321982
1;0;0;95,11843271;-0,937461664;-1,503321982
0;1;0;104,0809232;1,928656275;0,111805321
1;0;1;0,482251608;-0,428825615;0,911077223
1;0;0;99,94925929;-0,806535354;0,781164999
0;0;0;100,9082214;-0,054302518;0,508413223
1;0;1;-3,964050848;-2,710730769;-1,253320079
1;0;0;98,66577355;0,036842494;-0,70395572
1;0;1;0,592599463;-0,252778136;0,845377599
1;0;0;100,5548168;0,787824774;-0,510416385
0;0;0;102,2651875;0,65784775;0,474746003
1;0;1;2,141957793;0,913744316;1,228213478
1;0;0;97,89648882;0,618276772;-1,670032361
0;0;0;94,30003299;-1,434705155;-1,415278348
1;0;1;-1,378427896;-0,618367721;-0,760060175
1;0;0;101,0203985;1,460439307;-0,950240064
1;0;1;-0,851835011;0,440343229;-1,29217824
1;1;1;1,08916197;0,539301936;0,549860033
0;0;0;98,73540219;-0,733871275;0,101572368
1;0;1;-1,603232249;-1,664507181;0,061274932
0;0;0;98,67987071;0,499206863;-1,159271505
1;1;1;-0,372230033;-0,332402124;-0,03982791
1;0;0;97,36522568;0,339525741;-1,6569129
1;0;1;-0,908728452;0,530915258;-1,439643711
1;1;1;0,095933501;-0,392039965;0,487973466
0;0;0;101,0660142;0,546126557;-0,013119461
1;0;1;-0,543726628;-0,878878836;0,335152208
0;0;0;97,30343461;-1,093212632;-0,255070063
0;0;0;104,4112608;1,750572665;0,455057716
1;0;1;1,860449856;0,049782329;1,810667527
1;0;0;99,83167072;-0,404545517;0,320380877
1;0;1;-0,561456091;-0,361815182;-0,199640908
1;0;0;102,2108634;1,506409717;-0,400978024
0;0;0;101,7146203;0,304956984;0,552353185
1;1;1;2,742895049;1,201806299;1,54108875
0;0;0;101,2749797;0,815248313;-0,177758466
1;1;1;0,519719379;0,52748419;-0,007764811
0;1;1;0,061891114;-0,51224788;0,574138994
0;0;0;97,27652266;-0,786155852;-0,575582817
0;1;0;98,84039198;0,173330363;-0,753134373
0;0;0;100,4394997;-0,568284122;0,788033958
0;0;0;101,8761966;-0,121124231;1,059222541
0;0;0;98,65337259;-0,776501565;0,103187858
0;0;0;99,10531415;-0,169603709;-0,277739218
1;0;1;-1,133100795;-0,016791546;-1,116309249
0;0;0;99,69594455;-0,688942237;0,536914513
1;0;1;0,071561317;0,728175564;-0,656614247
1;0;0;99,76632353;-0,585087037;0,4682488
1;0;1;0,067075234;0,625050234;-0,557975
1;0;0;100,1681974;0,050165454;0,033933247
0;0;0;100,661571;1,039061317;-0,70827582
1;0;1;-0,371981059;-0,484787961;0,112806902
0;0;0;99,79562517;-0,108957465;0,006770051
0;0;0;100,1092349;0,628215275;-0,573597845
1;1;1;-0,913954636;-0,4325193;-0,481435336
0;0;0;103,4717391;0,983445716;0,75242383
1;1;1;-1,230805537;-0,777019977;-0,45378556
0;0;0;104,1725752;0,182578788;1,903708835
1;1;1;-1,370356131;-0,450904736;-0,919451395
0;0;0;99,54939085;0,400398221;-0,625702796
0;1;0;99,53380893;-0,313543751;0,080448217
1;0;1;-0,055295004;-0,998948053;0,943653049
1;0;0;97,73709305;-0,848224317;-0,283229156
1;0;1;0,213246949;-1,197879556;1,411126505
0;0;0;97,67123427;-0,241893758;-0,922489107
0;0;0;104,7711183;1,364828677;1,020730451
0;0;0;98,19679033;-0,841555448;-0,060049388
0;0;0;102,2846598;0,721709057;0,420620836
1;0;1;1,699906989;0,958805231;0,741101758
0;0;0;95,21417294;-2,01693183;-0,375981699
0;1;0;99,38698693;0,582547273;-0,889053808
0;1;0;101,1183442;0,35007929;0,209092832
1;0;1;1,060409431;0,881018423;0,179391009
1;1;1;0,63029006;0,076688593;0,553601467
1;0;0;100,0422006;-0,985182851;1,006283128
0;0;0;96,39444013;-0,988170541;-0,814609393
1;0;1;-2,524234333;-0,489440026;-2,034794306
0;0;0;94,98187663;-1,453586265;-1,055475423
0;1;0;101,6653644;-0,12104806;0,95373025
1;0;1;1,783259904;0,523707513;1,259552391
1;0;0;101,9434424;1,519624675;-0,547903483
1;0;1;-0,218899459;-0,787094905;0,568195446
0;0;0;96,43113824;-0,985182851;-0,799248028
1;0;1;0,169687837;0,535590061;-0,365902224
1;0;0;102,8069371;-0,373929652;1,777398211
1;1;1;-0,479196842;-0,17496177;-0,304235073
0;0;0;98,62371851;-0,61198989;-0,076150855
1;0;1;-0,529785211;0,007305516;-0,537090727
0;1;1;0,600928161;-0,304717105;0,905645265
1;1;1;-0,270883902;0,506238393;-0,777122295
0;1;1;-0,266472853;0,086129148;-0,352602001
0;0;0;99,29436854;0,560928584;-0,913744316
0;0;0;102,3250368;0,404295406;0,758222996
0;1;0;102,4513474;0,544084742;0,681588972
1;1;1;1,382329629;-0,003174137;1,385503765
0;1;1;-1,690755198;-0,611344149;-1,079411049
0;1;1;3,502968866;1,952275852;1,550693014
1;0;0;100,8580855;0,661651711;-0,232608954
1;0;1;-1,056530436;-1,163025445;0,106495008
1;1;1;0,802660907;-1,30247372;2,105134627
0;0;0;99,87611773;-0,800828275;0,738887138
0;1;0;95,18874574;-1,111329766;-1,294297363
1;0;1;-2,464616955;-1,839380275;-0,62523668
0;0;0;98,53531563;-0,3131413;-0,419200887
0;0;0;102,0210518;1,292003162;-0,281477242
1;0;1;1,021054459;-0,425305871;1,446360329
0;0;0;96,92986421;-0,239531346;-1,295536549
0;0;0;102,8268732;-0,057980287;1,471416908
1;0;1;-2,770834726;-0,188961167;-2,581873559
0;1;1;-1,540930725;0,483067879;-2,023998604
0;0;0;99,92149014;-0,085284455;0,046029527
0;0;0;103,5955463;-0,068864665;1,866637831
1;0;1;0,83536861;0,930715487;-0,095346877
0;0;0;101,208889;0,617258138;-0,012813643
0;0;0;97,97786131;0,309848929;-1,320918273
0;0;0;99,93237452;-0,485733835;0,451921096
0;0;0;101,4029683;-0,689233275;1,390717443
0;0;0;98,4769056;-0,812478902;0,050931703
1;0;1;-1,602741122;-0,795359938;-0,807381184
0;1;1;1,643911673;0,272257239;1,371654434
0;0;0;95,75923084;-2,487104211;0,366719632
1;1;1;0,453310349;0,34658342;0,10672693
1;0;0;105,6274257;1,251978574;1,56173428
0;1;0;100,365344;-1,897196853;2,079868864
0;0;0;102,1203982;-0,563526328;1,623725439
0;0;0;100,7560698;0,101726982;0,276307901
1;1;1;-1,480738092;0,350811433;-1,831549525
0;0;0;99,16302386;-0,366637778;-0,051850293
0;0;0;98,24828592;-0,142886165;-0,732970875
1;0;1;0,431377885;-0,508935045;0,94031293
0;1;1;-2,376204975;-0,365084816;-2,011120159
0;0;0;97,00808075;-1,111754955;-0,384204668
1;0;1;0,691145488;1,682187758;-0,99104227
0;0;0;103,9001634;0,359202659;1,590879037
0;0;0;97,94419182;-0,943771283;-0,084132807
1;0;1;-0,54150405;1,622584023;-2,164088073
1;0;0;107,858971;2,089273039;1,840212462
0;0;0;97,82162831;0,469187853;-1,558373697
1;1;1;-1,070416147;-0,588722742;-0,481693405
1;0;0;99,96270162;-0,387005912;0,368356723
1;0;1;1,321930085;0,171155534;1,150774551
0;1;1;0,429467946;0,552442998;-0,122975052
1;0;0;99,21720018;-0,12104806;-0,270351848
1;1;1;-0,17898401;-0,30311412;0,124130111
1;1;1;0,260333763;-0,131458364;0,391792128
1;0;0;100,2096772;0,017557795;0,087280796
0;1;0;93,99324679;-0,901043222;-2,102333383
1;0;1;1,190375087;0,639624886;0,550750201
0;1;1;-0,588521516;-0,021765345;-0,566756171
1;0;0;102,2944982;-0,467395012;1,614644134
0;0;0;100,8840198;-0,178768005;0,620777882
1;0;1;-0,08689085;0,147447281;-0,234338131
1;0;0;103,0312412;0,741906661;0,773713964
0;0;0;101,161311;-0,093809831;0,674465355
1;0;1;1,296098162;2,232609404;-0,936511242
0;0;0;96,84491286;0,935681328;-2,513224899
0;0;0;95,96745511;-0,668524081;-1,347748366
0;0;0;101,6383865;0,092811661;0,726381586
1;0;1;-1,537702019;0,015032811;-1,55273483
1;0;0;101,5122123;-0,232687398;0,988793545
0;0;0;95,53801899;-1,230655471;-1,000335033
1;0;1;-2,413139555;-0,577479113;-1,835660441
0;0;0;96,50321797;-1,224157131;-0,524233883
0;1;0;99,6928409;0,584906275;-0,738485824
0;0;0;98,41245653;0,436722303;-1,230494036
0;0;0;96,03139713;-1,696530489;-0,287770945
0;1;0;99,36741006;0,403133527;-0,719428499
0;1;0;95,78598363;-2,468987077;0,361978891
0;0;0;104,0605573;1,946145858;0,084132807
1;1;1;0,214388365;1,178050297;-0,963661932
0;0;0;95,3969791;0,280363111;-2,581873559
1;0;1;0,866859864;-0,675233878;1,542093742
0;0;0;106,8463032;2,001388566;1,421763045
0;0;0;95,5665271;-0,604902652;-1,611833795
0;1;0;96,4192034;0,130454509;-1,92085281
0;0;0;102,6916632;0,547636319;0,798195288
1;0;1;-1,154195388;-0,369913096;-0,784282292
1;0;0;95,63550546;-0,045953357;-2,136293915
0;0;0;99,58519084;-0,513643954;0,306239372
0;0;0;95,24913164;-1,43856596;-0,936868219
1;0;1;1,63179493;1,679050001;-0,047255071
0;0;0;99,60469268;0,045264414;-0,242918077
0;0;0;102,2251925;0,482982614;0,629613623
0;1;0;95,42359319;-0,627657073;-1,660546332
0;0;0;103,146547;1,025637175;0,547636319
0;0;0;99,18949015;0,641316547;-1,046571469
1;1;1;2,164226771;1,237044671;0,9271821
1;0;0;99,19992661;0,92436494;-1,324401637
1;0;1;-1,1143743;-1,758417056;0,644042757
1;0;0;94,45487447;-1,452926881;-1,319635885
1;0;1;0,908156608;-0,005239826;0,913396434
1;0;0;104,0349687;1,716211955;0,301272394
1;0;1;0,285250508;0,743619921;-0,458369414
0;0;0;102,0014795;1,101313956;-0,100574198
0;1;0;95,98999693;-1,364437594;-0,64056394
0;0;0;98,77613845;-0,824777544;0,212846771
0;1;0;98,68273107;-0,079527354;-0,579107109
1;0;1;-0,590350737;-0,387665295;-0,202685442
1;0;0;100,1198509;0,005699121;0,054226348
1;0;1;1,208250069;0,56128556;0,646964509
0;0;0;100,7769449;-0,515215106;0,903687578
0;1;0;103,0804381;0,674657485;0,86556156
1;0;1;-0,306001766;0,62059371;-0,926595476
0;0;0;100,4969297;-1,04195351;1,290418368
1;0;1;1,257326403;-0,280761014;1,538087417
1;0;0;97,20485903;-3,02301487;1,625444384
1;1;1;-0,249657433;-0,23072289;-0,018934543
1;0;0;97,7109519;-0,715865554;-0,428658495
0;1;0;95,64960262;0,245203182;-2,42040187
0;0;0;97,99493935;-1,31109573;0,308565404
1;0;1;-0,276813807;1,527196218;-1,804010026
0;0;0;101,6418608;1,394346327;-0,573415946
1;0;1;2,260012479;2,459419193;-0,199406713
0;0;0;94,59048013;-1,607086233;-1,097673703
0;0;0;98,22476184;-0,674849616;-0,212769464
1;0;1;-0,815110752;-1,103280738;0,288169986
1;0;0;102,1970436;1,340572453;-0,242050646
0;0;0;100,363143;0,075614253;0,10595727
0;1;0;96,1319736;-0,881470896;-1,052542302
1;0;1;-0,503944193;-0,703662408;0,199718215
0;0;0;103,8487633;0,34585355;1,578528099
0;0;0;99,61110007;-1,943608368;1,7491584
1;0;1;0,354567646;0,013502586;0,341065061
1;0;0;97,58403192;-1,788266673;0,580282631
1;0;1;1,561502359;0,608856681;0,952645678
1;1;1;-1,117458623;0,653295729;-1,770754352
1;0;0;98,8396803;-0,025131612;-0,555028237
0;0;0;101,9617028;-0,173640728;1,154492111
1;0;1;2,797969501;1,791686373;1,006283128
1;0;0;96,98755346;-1,599341886;0,093118615
0;1;0;99,98728072;-0,747661488;0,741301847
0;1;0;100,3630453;0,593551022;-0,412028385
0;0;0;99,10714905;1,240505298;-1,686930773
1;0;1;-1,572551582;0,261871946;-1,834423529
1;0;0;99,05417326;-0,063880634;-0,409032737
0;0;0;97,74354819;0,042507509;-1,170733412
0;0;0;94,92045845;-1,742837412;-0,796933364
0;1;0;97,36282462;-2,004235284;0,685647592
0;1;0;97,33983486;-0,974059731;-0,356022838
0;0;0;97,82934992;-0,670629561;-0,414695478
0;1;0;100,553257;0,582547273;-0,305918775
0;0;0;99,02634727;-0,564511993;0,077685627
1;0;1;1,367736786;0,094194093;1,273542694
1;0;0;100,643372;-0,347315563;0,669001565
0;0;0;99,96137149;-0,071624982;0,052310725
0;0;0;103,3611377;0,467821337;1,21274752
0;0;0;102,3054804;1,22659003;-0,073849833
1;0;1;-1,741250344;-1,429796157;-0,311454187
1;0;0;96,98635293;-1,116022759;-0,390800778
1;0;1;-0,96047529;-0,254754013;-0,705721277
0;0;0;106,0751245;1,733478712;1,304083526
1;0;1;0,331954197;0,846907824;-0,514953626
1;0;0;98,70164629;0,065108452;-0,714285306
1;0;1;0,02266006;0,746952082;-0,724292022
0;0;0;101,9141112;1,412367965;-0,455312374
1;0;1;-0,807774541;-0,911193183;0,103418643
1;1;1;0,191059826;0,771342457;-0,580282631
0;0;0;95,83159024;-1,242322014;-0,841882866
0;0;0;94,91488325;-1,931121005;-0,611437372
0;0;0;98,33278707;0,659842954;-1,493449417
1;0;1;-0,726805638;-0,626539531;-0,100266107
0;0;0;99,28920261;-0,977754553;0,622355856
1;0;1;2,513877462;1,033824901;1,480052561
1;0;0;101,8906167;-0,850197921;1,79550625
1;0;1;0,663544597;-0,96939857;1,632943167
1;0;0;98,1963083;-0,659558737;-0,242287115
0;0;0;98,09958808;-0,968298082;0,018092123
1;0;1;0,026442422;-0,453361508;0,47980393
0;0;0;101,0551571;0,432770548;0,094808001
1;1;1;2,018080068;1,79206836;0,226011707
0;0;0;100,8931738;-0,092272785;0,538859695
1;0;1;-0,032603111;0,084746716;-0,117349828
1;1;1;-0,140805696;0,751206244;-0,89201194
0;0;0;99,60858304;-0,012507826;-0,183200655
0;0;0;96,11069143;-1,542598511;-0,402055775
1;0;1;-1,615798055;-2,396755008;0,780956952
0;0;0;102,3802681;0,674657485;0,515476586
0;0;0;103,3433435;0,379843641;1,291828085
1;0;1;-0,155300768;1,142361725;-1,297662493
1;0;0;97,60612127;-0,005928769;-1,191010597
0;1;0;98,31683454;-0,885086138;0,043503405
1;1;1;-1,884791345;-0,223030838;-1,661760507
0;0;0;100,8069014;0,773609372;-0,370158659
1;0;1;0,858808562;0,597569851;0,261238711
0;0;0;101,8911533;0,5179254;0,42765123
0;0;0;97,11226337;-0,879892923;-0,563975391
0;0;0;99,12333351;0,351788003;-0,790121248
0;0;0;103,9480165;-0,194881977;2,168890205
0;0;0;100,0283444;-0,760367129;0,77453933
0;0;0;103,0621595;0,373602234;1,157477527
0;0;0;103,0305046;1,291123226;0,224129053
1;0;1;2,779848955;2,467349987;0,312498969
1;1;1;1,666929847;2,194501576;-0,527571729
0;0;0;98,16925992;-0,920151706;0,004781668
0;1;0;102,1508868;1,205280569;-0,12983719
1;0;1;1,167954906;0,817062755;0,350892151
0;0;0;98,04163963;-1,666958269;0,687778083
1;0;1;-0,09438736;-2,075230441;1,980843081
0;0;0;98,91324933;0,354229996;-0,897605332
0;1;0;94,75571258;-1,705957402;-0,916186309
0;0;0;98,3749467;0,014726993;-0,827253643
0;0;0;100,4225603;1,653302206;-1,44202204
1;0;1;-1,43443458;-0,135703431;-1,298731149
1;1;1;0,604162551;-0,337580559;0,94174311
0;1;1;0,269338898;-0,504064701;0,773403599
1;0;0;100,7884341;0,414528358;-0,02031129
1;0;1;-0,70684564;1,793973752;-2,500819392
1;0;0;100,6465598;1,610715117;-1,287435225
1;1;1;0,151050017;0,496090706;-0,345040689
0;0;0;103,9636734;0,55288865;1,428948053
1;0;1;4,303083188;1,845228326;2,457854862
0;0;0;96,49419806;-0,504933269;-1,247967703
1;1;1;-0,946951104;-0,670245299;-0,276705805
1;0;0;96,55441343;-1,119451554;-0,603341732
1;1;1;-0,01178023;0,62756385;-0,63934408
1;1;1;0,140300926;0,618646254;-0,478345328
1;0;0;102,1641495;0,350404434;0,731670298
0;0;0;105,1221241;0,396173618;2,164888429
1;0;1;-2,814690561;-1,67188773;-1,14280283
1;0;0;98,67545284;-0,538682343;-0,123591235
1;0;1;2,569756816;1,074902229;1,494854587
1;1;1;0,120401182;0,121586936;-0,001185754
1;0;0;99,56547981;0,914442353;-1,131702447
1;0;1;0,060532557;0,051161351;0,009371206
0;0;0;94,65330347;-0,71952627;-1,953821993
1;0;1;-0,292304776;-1,276991952;0,984687176
1;0;0;98,03694664;-0,372945124;-0,608581558
0;1;0;103,2799517;0,434536105;1,20543973
1;0;1;0,889521061;1,764915396;-0,875394335
0;0;0;100,0926843;0,554493909;-0,508151743
1;0;1;-1,067060111;-0,770826318;-0,296233793
1;1;1;0,880585276;0,36999495;0,510590326
0;0;0;93,31712843;-0,546303909;-2,795131877
1;0;1;-0,160109721;0,28394652;-0,444056241
1;0;0;101,9413073;0,693312359;0,277341314
1;0;1;-1,133896603;0,092043138;-1,225939741
0;0;0;95,03068466;-0,334666765;-2,149990905
1;0;1;-0,999448275;-0,762513537;-0,236934738
1;0;0;94,21961093;-0,845595878;-2,044598659
1;0;1;2,095921445;0,752525011;1,343396434
1;0;0;100,4913545;0,393279151;-0,147601895
1;1;1;-2,040783329;-1,187286216;-0,853497113
1;0;0;98,95519522;-0,150851065;-0,371551323
0;0;0;100,3664582;1,354417236;-1,17118816
1;0;1;4,265466487;2,644592314;1,620874173
0;0;0;101,801418;0,313623332;0,587085651
0;0;0;101,8604624;-0,248278411;1,178509592
0;0;0;98,11906946;-1,715211511;0,77474624
0;0;0;99,55114845;-0,440090844;0,215665068
0;0;0;97,60924084;-1,71654392;0,521164338
1;0;1;-2,017216048;-1,717544365;-0,299671683
1;0;0;103,9004317;0,959048521;0,991167326
0;0;0;106,2976187;2,154638423;0,994170932
1;0;1;-3,169658385;0,011972361;-3,181630746
0;1;1;1,605292255;2,200486051;-0,595193796
1;0;0;96,23325493;-0,943891791;-0,939480742
0;1;0;102,3704342;0,323764198;0,861452918
1;1;1;-0,895357744;-0,170767862;-0,724589881
1;0;0;103,5442781;0,748570983;1,023568075
0;0;0;101,1629982;-0,04802132;0,6295204
1;1;1;0,922251502;0,955419637;-0,033168135
0;0;0;100,4803269;0,367456323;-0,127292878
1;0;1;0,939572828;0,651402843;0,288169986
1;0;0;102,3074494;0,244730245;0,90899448
0;0;0;97,21941776;-0,63288212;-0,757408998
0;0;0;100,8584357;-1,452926881;1,882144716
1;0;1;0,981667654;0,089200967;0,892466687
1;0;0;98,85093757;-0,45802949;-0,116501724
0;0;0;98,66631242;0,02015895;-0,687002739
1;1;1;-1,549683475;-1,170581072;-0,379102403
0;0;0;94,41877662;-0,763639036;-2,026972652
1;0;1;1,694426146;0,22052177;1,473904376
1;0;0;99,18437879;-0,000190994;-0,407619609
1;0;1;0,227033752;0,313623332;-0,08658958
1;0;0;99,22530151;-1,566932042;1,179582796
0;0;0;98,14848934;-0,765689947;-0,160065383
0;0;0;101,3372687;0,241736871;0,426897486
0;0;0;100,8012876;-0,122975052;0,523618837
1;0;1;3,023296813;1,088219506;1,935077307
1;0;0;101,3298677;-0,30728188;0,97221573
0;1;0;99,55253315;-0,634097432;0,410364009
0;0;0;100,1847548;0,623469987;-0,53109261
1;0;1;-1,261290663;-2,117212716;0,855922053
1;0;0;100,5779748;0,162235665;0,126751729
0;0;0;96,99730097;-0,255544137;-1,245805379
1;1;1;1,421283287;0,536649623;0,884633664
1;1;1;0,11883003;-1,24930466;1,36813469
1;0;0;99,40976295;-0,537090727;0,241972202
0;0;0;97,75744072;-0,612083113;-0,509196525
0;0;0;99,10042789;-0,935090156;0,485304099
0;1;0;95,67182385;-1,000462362;-1,163625711
1;0;1;0,276272658;-0,280363111;0,556635769
1;0;0;96,51561211;-1,412781785;-0,32941216
1;0;1;2,136426929;0,338228574;1,798198355
1;1;1;1,283739266;0,087894705;1,195844561
0;0;0;102,9723333;1,135192633;0,350974005
0;1;0;98,79892357;-1,014566351;0,414028136
1;0;1;0,590518994;1,773328222;-1,182809228
1;0;0;101,2011196;-0,18289029;0,783450105
1;0;1;0,047970161;0,028652494;0,019317667
1;0;0;100,589157;0,74938157;-0,454803057
0;0;0;97,08740233;0,821021331;-2,277320164
1;1;1;1,247158252;2,311353455;-1,064195203
1;0;0;103,5084827;2,086562745;-0,332321406
1;1;1;2,340954097;0,233709443;2,107244654
0;0;0;103,7799373;-0,054149041;1,944117685
0;0;0;98,78848939;-1,336825335;0,731070031
1;1;1;1,31763386;0,369913096;0,947720764
0;1;1;0,652272547;0,594828862;0,057443685
1;0;0;96,57716899;0,467224481;-2,178639988
1;0;1;1,348181513;0,508151743;0,84002977
1;1;1;2,662250154;1,7641878;0,898062353
0;0;0;95,8591502;-0,195428811;-1,874996087
0;0;0;98,44961849;0,259418584;-1,03460934
1;1;1;1,656450195;1,091129889;0,565320306
0;0;0;100,0646605;0,070091346;-0,037761083
1;0;1;0,727713996;-0,248437573;0,976151568
1;0;0;104,1585736;0,979234756;1,100052032
0;0;0;99,05237928;-0,295274276;-0,178536084
0;0;0;99,79288987;0,628215275;-0,731770342
1;0;1;1,260884801;0,762718173;0,498166628
1;0;0;102,8923751;0,957352313;0,488835212
0;0;0;96,43277079;-1,895805326;0,112190719
1;1;1;-0,633413038;-1,620587682;0,987174644
1;0;0;97,74076059;0,33393917;-1,463558874
0;0;0;107,4509217;2,409105946;1,316354883
1;0;1;0,35798621;-0,182112672;0,540098881
1;0;0;104,402109;1,558892109;0,642162377
1;0;1;-0,568919631;-0,827468511;0,25854888
0;0;0;98,97548605;-0,240318059;-0,271938916
0;0;0;97,68799171;0,187014848;-1,343018994
0;0;0;99,01904403;-0,295673317;-0,19480467
0;0;0;101,6588888;0,562898776;0,266545612
1;0;1;-0,742585371;-0,906914011;0,16432864
0;1;1;-0,316067599;1,696207619;-2,012275218
0;0;0;99,93032361;-1,620587682;1,585749487
1;0;1;1,581959168;0,812160579;0,769798589
1;0;0;99,50679921;-0,162544893;-0,0840555
0;0;0;100,0947307;-0,513293799;0,560659146
1;1;1;-1,175421858;-1,356911525;0,181489668
0;1;1;3,201182608;0,139023086;3,062159522
0;0;0;106,1428136;1,144715043;1,926691766
1;1;1;0,866905339;2,048946044;-1,182040705
0;0;0;100,3554146;0,02329557;0,154411737
0;0;0;97,50746156;-0,539566827;-0,706702394
1;0;1;-3,079499038;-1,935077307;-1,144421731
0;0;0;106,82473;1,899979907;1,512385097
1;0;1;-2,374722499;-0,659179022;-1,715543476
0;0;0;102,2904351;0,811521659;0,33369588
1;0;1;-1,111943675;-1,339446953;0,227503278
0;1;1;0,602894943;0,064035248;0,538859695
0;1;1;-0,700526925;0,980719506;-1,681246431
0;0;0;99,36056383;-0,646305125;0,326587042
1;1;1;-0,979928245;-0,248357992;-0,731570253
1;0;0;96,41576096;-0,248516017;-1,543603503
0;0;0;101,3815497;0,326344889;0,36442998
1;0;1;0,865161383;1,33982212;-0,474660737
1;0;0;102,1090932;0,091735046;0,962811555
0;1;0;98,63742005;0,67734959;-1,358639565
1;1;1;-0,044421995;0,749887477;-0,794309472
0;0;0;99,88172476;-1,052808329;0,99367071
1;0;1;-0,533100319;-1,888474799;1,355374479
1;0;0;102,3237385;0,301192813;0,860676437
0;0;0;103,2532944;0,593734057;1,032913133
1;0;1;1,249209163;-0,313302735;1,562511898
1;1;1;1,108013521;0,596289738;0,511723783
0;0;0;98,73118213;-1,446144324;0,81173539
0;0;0;101,6695549;-0,263455604;1,098233042
0;1;0;100,5557467;-0,102957074;0,380830443
1;0;1;-0,226639258;0,66241455;-0,889053808
0;0;0;106,3617472;1,822618287;1,358255304
1;0;1;1,601160875;1,745283953;-0,144123078
0;0;0;98,50693712;0,716358954;-1,462890395
1;0;1;-1,597946948;-1,295713901;-0,302233047
1;0;0;97,18724894;-0,529859108;-0,876516424
0;0;0;98,1620681;-0,691854893;-0,227111059
1;0;1;0,664608706;1,108073775;-0,443465069
1;0;0;102,8570139;1,190078365;0,238428584
0;0;0;100,1655644;-0,717941475;0,800723683
1;0;1;-0,381471637;0,767229267;-1,148700903
1;0;0;102,7052829;1,110904577;0,241736871
1;1;1;0,39509132;-1,012522262;1,407613581
0;0;0;98,9758112;0,630267323;-1,142361725
0;0;0;99,73417971;-0,135626124;0,002715979
1;1;1;-1,021832077;-0,447604407;-0,57422767
0;0;0;101,2319492;-0,278772632;0,894747245
0;0;0;99,29194473;0,822951733;-1,176979367
0;0;0;99,41767783;0,751713287;-1,042874374
1;0;1;0,573425041;0,994045877;-0,420620836
1;1;1;1,041846645;0,203231139;0,838615506
0;0;0;99,34064363;-0,42748411;0,097805923
1;1;1;1,375503871;0,998948053;0,376555818
1;0;0;99,29521891;-0,778366029;0,425975486
1;0;1;1,241347718;1,777025318;-0,5356776
0;1;1;0,537802407;0,531797468;0,006004939
1;0;0;104,8534048;0,893835477;1,532866918
0;0;0;99,99415195;-0,486336376;0,48341235
0;0;0;99,70932549;-0,357244971;0,211907718
0;0;0;98,97194812;0,847894626;-1,361920567
0;1;0;99,54355189;-1,238195182;1,009971129
0;0;0;94,70702278;-0,111035661;-2,53545295
1;1;1;0,189154434;-0,984314283;1,173468718
1;0;0;99,00655894;1,011117092;-1,507837624
1;0;1;-0,388091621;-0,958805231;0,57071361
1;0;0;98,5625891;0,053460099;-0,772165549
0;1;0;102,9812122;1,374796739;0,115809371
0;0;0;102,7314172;0,611253199;0,754455414
1;1;1;0,370905582;1,213225005;-0,842319423
0;1;1;1,298749339;0,312820703;0,985928637
1;1;1;-0,070498345;0,122357733;-0,192856078
1;0;0;94,11983026;-1,641710696;-1,298374173
0;0;0;98,4405963;0,337175834;-1,116877684
0;1;0;98,7681008;-0,185613089;-0,430336513
0;0;0;97,34500079;-0,765586492;-0,561913112
1;0;1;0,780737537;0,581642325;0,199095211
0;0;0;102,9677472;1,334956323;0,148917252
1;0;1;-1,786054327;-1,322750904;-0,463303422
0;0;0;101,3061435;0,833083504;-0,180011739
1;1;1;-0,324023404;-0,754862413;0,430839009
0;0;0;103,1380227;0,381570544;1,18744083
0;0;0;104,1770818;1,014182089;1,074358806
1;0;1;1,192321406;1,541343408;-0,349022002
0;0;0;97,10205202;0,021765345;-1,470739335
0;0;0;95,31437425;-1,203384272;-1,139428605
1;0;1;0,108923359;-1,010098458;1,119021817
1;0;0;102,7525448;0,954814823;0,421457571
0;0;0;98,51806024;-0,076840934;-0,664128947
1;0;1;-0,572664476;-0,153714836;-0,418949639
0;0;0;101,3655585;0,179235258;0,503544015
0;0;0;102,8541626;0,07400331;1,353078005
0;0;0;93,90470748;-1,322016487;-1,725629772
0;1;0;98,95711426;0,784073109;-1,30551598
0;0;0;99,32832452;-1,065409378;0,729571639
1;0;1;2,32725597;1,525477273;0,801778697
0;0;0;97,68952875;-0,820164132;-0,335071491
0;1;0;95,75265974;-1,157327461;-0,966342668
0;0;0;99,6260135;0,009371206;-0,196364454
1;1;1;-0,874705393;-0,274480954;-0,600224439
0;0;0;99,86659532;1,053608685;-1,120311026
0;0;0;99,58215994;0,409447694;-0,618367721
1;0;1;1,001013743;0,128757165;0,872256578
1;0;0;106,8277132;1,284984137;2,128872438
1;0;1;-1,411467565;-0,508239282;-0,903228283
0;0;0;105,6488216;1,030437033;1,793973752
0;1;0;104,7267395;0,736779384;1,626590347
0;0;0;104,6737273;2,026372385;0,310491259
0;0;0;100,6788446;0,473889941;-0,134467655
0;0;0;98,0225607;-1,46646471;0,477745061
0;0;0;100,7549261;-0,963298135;1,340761173
1;0;1;-0,972672751;-1,145303941;0,172631189
1;1;1;-1,840749064;-0,803784133;-1,036964932
0;1;1;2,46692025;1,343018994;1,123901257
1;1;1;-0,192694642;1,02887725;-1,221571893
1;1;1;1,643614951;1,436633283;0,206981667
1;0;0;95,73532932;-1,262092155;-0,870243184
1;0;1;-2,218339432;-1,52132543;-0,697014002
1;1;1;-0,206264303;-0,853606252;0,647341949
0;0;0;102,0940843;0,707193522;0,339848611
1;0;1;-1,211039944;-1,543603503;0,332563559
0;1;1;0,338740165;1,178661932;-0,839921768
0;0;0;100,0839464;0,52177711;-0,47980393
0;1;0;100,2738807;-0,949760306;1,086700649
0;0;0;98,42085344;-0,245045157;-0,54452812
1;0;1;-0,383897714;0,047025424;-0,430923137
0;0;0;98,62865479;-0,297511633;-0,38816097
0;0;0;102,6443854;0,914906195;0,407286507
0;0;0;101,9229174;0,913744316;0,047714366
0;0;0;98,30417892;0,618554168;-1,46646471
0;0;0;100,3768173;1,196469839;-1,00806119
0;0;0;99,6089764;-1,332164175;1,136652372
0;1;0;97,2486853;0,679564209;-2,055221557
1;1;1;-0,702250418;-0,584361715;-0,117888703
0;0;0;99,37261236;-1,090713795;0,777019977
0;0;0;96,90409595;-0,479975597;-1,067976427
0;1;0;101,7109733;-0,266545612;1,122032245
0;0;0;99,44027877;1,767830327;-2,047690941
0;1;0;97,58006652;0,508587163;-1,718553904
0;0;0;99,84872602;0,292637878;-0,368274868
1;0;1;-0,15339765;-0,443801582;0,290403932
1;0;0;100,790933;-0,5873585;0,982824986
1;1;1;0,985376118;0,419786375;0,565589744
0;0;0;97,8881624;-0,312097654;-0,743821147
1;1;1;0,777158675;0,735876711;0,041281965
1;0;0;101,8396395;0,574859769;0,344959972
1;0;1;0,32428261;-0,600316525;0,924599135
0;0;0;94,67526322;-0,375734999;-2,286633389
0;0;0;102,4618453;-0,12829446;1,359217094
1;1;1;-0,979939614;0,41461135;-1,394550964
1;0;0;94,24696398;-1,433845682;-1,442672328
0;1;0;98,47560503;-0,306799848;-0,45539764
0;0;0;98,74108426;-1,169821644;0,540363772
0;0;0;100,9907217;1,425132723;-0,929771886
1;0;1;0,429849933;0,662223556;-0,232373623
1;0;0;98,7808178;0,59711283;-1,206703928
0;1;0;104,8579523;0,487887064;1,941089067
1;1;1;2,071412837;1,336638888;0,734773948
1;0;0;101,0448298;0,090736876;0,431678018
1;0;1;-0,896459369;-1,515754775;0,619295406
0;0;0;104,4601279;1,665730451;0,564333504
0;0;0;97,85054115;-0,248121523;-0,826607902
0;0;0;98,66111921;-0,42179181;-0,247648586
1;0;1;-2,466642854;-1,415694442;-1,050948413
1;0;0;95,42987098;-2,810702426;0,525637915
0;0;0;101,1084148;1,879898264;-1,325690846
0;1;0;100,9963537;-0,335556933;0,833733793
1;0;1;-0,167847247;0,442114469;-0,609961717
1;0;0;98,2759573;-0,803888724;-0,058132628
0;0;0;92,98882358;-2,673477866;-0,832110345
1;0;1;0,588228204;0,001415401;0,586812803
1;0;0;101,4437614;0,918400929;-0,196520205
0;0;0;102,0297603;1,098092071;-0,083211944
0;1;0;99,28345687;-0,315151283;-0,043120281
1;0;1;0,401403213;-0,880793323;1,282196536
1;0;0;99,37715074;-1,608200364;1,296775736
1;0;1;-1,001550345;-0,207763833;-0,793786512
0;1;1;-0,22078666;0,605821242;-0,826607902
0;1;1;-2,44816647;-1,681246431;-0,766920039
1;1;1;0,646363105;0,099881845;0,54648126
1;0;0;100,6691448;-0,317966169;0,652538574
1;0;1;-1,053281267;-0,318207185;-0,735074082
0;1;1;-2,878362011;-1,880798663;-0,997563347
1;0;0;101,0566373;0,895774974;-0,367456323
0;0;0;98,35656581;0,810352958;-1,632070052
0;0;0;101,63403;1,030957719;-0,213942712
0;0;0;97,80317012;-0,640470716;-0,457944225
0;0;0;99,82639565;-1,126782081;1,039979907
1;0;1;0,328094529;-0,253094186;0,581188715
1;0;0;94,32917321;-1,636435627;-1,19897777
0;1;0;97,63453388;-0,090352614;-1,092380444
1;0;1;0,496393113;-0,193713277;0,69010639
0;0;0;100,11466;-0,328604983;0,385934982
0;0;0;98,54654106;-1,726307346;0,999577878
1;0;1;-1,465714377;-1,816606527;0,350892151
0;1;1;1,146098612;1,388307282;-0,242208671
1;0;0;103,9622546;0,48650918;1,494618118
0;0;0;95,80688154;-0,123283144;-1,973276085
1;0;1;0,356342298;0,613467819;-0,257125521
1;0;0;97,75948254;-0,404295406;-0,715963324
0;0;0;99,78811047;-1,055343546;0,949398782
0;0;0;102,7387227;0,021994992;1,347366378
0;0;0;104,8597781;2,210072125;0,219816911
1;0;1;0,117940999;0,789912065;-0,671971065
1;1;1;3,690720405;2,468987077;1,221733328
0;1;1;0,7656854;0,555028237;0,210657163
0;1;1;-0,033726337;1,074629381;-1,108355718
0;0;0;98,41811814;-1,00590114;0,21496021
0;0;0;96,35987024;-0,937579898;-0,882484983
0;0;0;94,90046775;-1,28376314;-1,266002982
1;0;1;-1,563225851;0,224285941;-1,787511792
0;0;0;97,44754859;-0,53109261;-0,745133093
0;0;0;99,40674115;-0,798090696;0,501461273
1;0;1;-0,152365374;-0,923191692;0,770826318
1;0;0;103,2399203;0,826069027;0,793891104
1;1;1;1,536238869;0,504760465;1,031478405
0;0;0;102,4175984;0,565320306;0,64347887
0;0;0;100,0475734;-0,147757646;0,171544343
1;0;1;0,82847464;-0,546126557;1,374601197
0;0;0;103,2517983;0,938412086;0,687487045
1;0;1;0,417352339;-0,007535164;0,424887503
0;0;0;100,6300525;0,098420969;0,216605258
0;1;0;101,053354;0,070091346;0,456585667
1;0;1;0,839763743;-1,04962055;1,889384293
1;0;0;99,32899755;-0,400149247;0,06464802
0;1;0;98,29615717;-1,550693014;0,698771601
1;0;1;1,386177928;0,391379444;0,994798484
0;0;0;100,653481;0,447942057;-0,121201538
1;0;1;1,68127599;-0,294155598;1,975431587
1;0;0;103,6009328;1,582529876;0,217936531
0;0;0;99,01501269;-0,810459824;0,317966169
1;1;1;-1,03637376;-0,809184257;-0,227189503
0;0;0;95,97994247;-1,326798156;-0,68323061
0;0;0;96,67471911;0,02429033;-1,686930773
0;1;0;101,0610097;-0,123359314;0,653864163
1;0;1;-0,097116981;-0,849540811;0,75242383
0;0;0;101,5795695;1,415487532;-0,625702796
0;0;0;98,23365897;-1,141481789;0,258311275
1;0;1;-0,370007456;-0,575582817;0,205575361
0;0;0;99,71778834;-0,879892923;0,738787094
0;0;0;102,7256579;0,141418468;1,221410457
1;1;1;-0,390956529;-0,021535698;-0,369420832
0;0;0;101,8545484;0,93473318;-0,007458993
1;0;1;1,89955017;1,56981514;0,32973503
0;0;0;100,3893683;0,808336154;-0,613651991
1;0;1;-0,382525513;0,100112629;-0,482638143
1;0;0;99,18434469;0,276467063;-0,684294719
1;0;1;-1,275327577;-1,07381311;-0,201514467
1;0;0;95,5054318;-1,845228326;-0,402055775
1;0;1;2,929136826;2,140059223;0,789077603
1;1;1;-0,187014848;-0,280363111;0,093348262
1;0;0;96,25443252;0,682168775;-2,554952516
0;0;0;99,38059091;-0,168749921;-0,140954626
1;0;1;1,167027222;-0,075460775;1,242487997
1;1;1;0,747292006;0,225776375;0,521515631
1;0;0;102,2045697;2,261258487;-1,158973646
1;0;1;-1,422217792;0,35740868;-1,779626473
1;1;1;-1,087003056;-0,344391538;-0,742611519
1;0;0;99,24729991;-0,349916718;-0,026433327
1;0;1;1,578021056;1,335890829;0,242130227
1;0;0;98,59112904;-0,932959665;0,228524186
0;0;0;98,66376356;-0,964271294;0,296153075
1;0;1;-2,662332008;-0,550840014;-2,111491995
0;0;0;101,5730348;0,37557129;0,410946086
1;0;1;-0,006025402;-0,142886165;0,136860763
1;1;1;-2,338381364;0,099573754;-2,437955118
1;0;0;102,6487578;0,503891897;0,820487003
0;0;0;98,252772;-0,680913672;-0,192700327
0;0;0;99,15861281;-0,374586762;-0,046106834
1;0;1;1,897678885;1,894886736;0,002792149
1;1;1;1,51459858;0,180945108;1,333653472
1;0;0;97,70452177;-1,025766778;-0,121972334
0;0;0;99,13415195;0,205106971;-0,638030997
0;0;0;96,85557214;-1,544863153;-0,027350779
0;0;0;97,28427611;-0,918867045;-0,438994903
1;0;1;-0,645344471;-0,563975391;-0,08136908
0;1;1;-0,187092155;-0,151857193;-0,035234962
0;0;0;102,5262079;-0,17224238;1,435346348
0;0;0;97,49149993;-0,819629804;-0,434620233
0;1;0;99,83231646;0,79514848;-0,878990249
1;1;1;1,232192517;-0,281875145;1,514067662
0;0;0;99,85435579;-0,644796501;0,571974397
1;0;1;-1,466821686;0,256097792;-1,722919478
1;0;0;98,09243491;-0,388820354;-0,564962193
1;0;1;-1,850478384;-0,981463018;-0,869015366
0;1;1;-0,828952125;-0,154102509;-0,674849616
0;0;0;92,97378963;-2,349479473;-1,163625711
1;0;1;-0,954711368;-0,846907824;-0,107803544
1;0;0;99,52505959;0,060201728;-0,297671932
0;0;0;95,55530394;-0,346014986;-1,876333044
1;0;1;1,160719876;0,999957592;0,160762283
0;0;0;101,7274829;0,498166628;0,365574806
0;1;0;97,11251803;0,358713805;-1,80245479
0;0;0;98,96078634;-0,400563067;-0,119043762
1;0;1;2,08082497;1,781872925;0,298952045
1;0;0;99,4091354;0,078989615;-0,374421916
0;0;0;94,41681211;-1,33514277;-1,456451173
1;1;1;0,850394599;0,337013262;0,513381337
1;0;0;97,42919954;-2,289780241;1,00438001
0;0;0;98,3950147;0,319253104;-1,121745754
1;0;1;1,403751639;-0,010901431;1,41465307
1;0;0;98,61089464;-1,350217644;0,655664962
1;0;1;-0,994704124;-0,417948058;-0,576756065
0;0;0;97,92925337;0,121356152;-1,156729468
0;0;0;102,8325167;0,728673513;0,687584816
0;0;0;99,97422265;-0,082213774;0,069325097
1;0;1;0,912386895;0,188492777;0,723894118
0;1;1;1,21603307;0,37491418;0,84111889
1;0;0;106,7219298;2,32255843;1,038406481
0;0;0;97,37822463;-0,456840326;-0,854047357
1;0;1;0,497088877;0,930363058;-0,433274181
0;0;0;102,908198;0,693119091;0,760979901
1;0;1;0,08072675;1,44788828;-1,367161531
0;1;1;0,16139893;0,129914497;0,031484433
0;0;0;101,4551733;-0,060967977;0,788554644
0;0;0;101,8040691;0,136551535;0,765483037
0;0;0;98,08711209;-1,068788151;0,112344196
0;0;0;99,54115992;0,104033688;-0,333453727
0;0;0;100,0620662;0,384204668;-0,353171572
1;0;1;0,647382876;0,07576773;0,571615146
1;0;0;100,1553281;0,723496214;-0,645832188
1;0;1;1,679233037;1,836897354;-0,157664317
1;0;0;98,92600044;-0,641880433;0,104880655
0;0;0;102,971276;0,207606945;1,27803105
1;0;1;-0,389532033;1,073133262;-1,462665296
1;0;0;101,2718829;-0,860786713;1,496728146
0;0;0;104,7621211;0,554404096;1,826656444
1;0;1;-1,051863592;-0,701703584;-0,350160008
0;0;0;100,2701972;-0,181178166;0,316276783
1;0;1;-0,437164545;-0,46841933;0,031254785
0;0;0;98,30741899;-0,826285032;-0,020005473
1;0;1;-0,398106295;0,047638196;-0,44574449
0;0;0;96,58940396;-1,629759936;-0,075538082
0;1;0;100,783607;0,935444859;-0,543641363
1;0;1;0,16348622;0,502849389;-0,339363169
1;0;0;100,9327277;-0,308484687;0,774848559
0;0;0;96,78222594;-1,122893991;-0,485993041
1;0;1;3,867726264;1,115595296;2,752130968
0;0;0;99,83152975;-0,161460321;0,077225195
1;0;1;0,070235728;0,975535386;-0,905299657
0;0;0;100,8380584;0,743116289;-0,324087068
0;0;0;96,67475549;-0,887464466;-0,775157787
1;0;1;-2,605843292;-0,847785486;-1,758057806
0;0;0;99,86454895;0,456245743;-0,523971266
0;1;0;101,1113843;-0,56361614;1,119308308
1;0;1;1,298571988;0,367620032;0,930951956
0;1;1;-1,236073786;-1,535345291;0,299271505
1;0;0;99,77946118;0,872928467;-0,983197879
0;0;0;99,79354016;-0,450057769;0,346827846
0;0;0;99,1766731;-0,322232836;-0,089430614
1;0;1;0,702938223;1,131847966;-0,428909743
0;1;1;-1,781293122;-0,722204732;-1,05908839
1;0;0;102,8620502;0,334747483;1,096277629
0;0;0;98,89597575;0,202138608;-0,754150733
1;0;1;-0,78926405;-0,540275096;-0,248988954
0;0;0;98,86997557;0,379595804;-0,944608018
0;0;0;103,0085084;-0,226482371;1,730736585
0;0;0;102,5602321;1,54713689;-0,267020823
0;0;0;97,58675131;0,051238658;-1,257863005
0;0;0;97,60574383;0,3940238;-1,591151886
0;0;0;99,37090024;-0,392618631;0,078068751
1;0;1;-0,018839046;0,348371714;-0,36721076
0;0;0;102,4033943;0,180323241;1,021373919
0;0;0;103,8179223;0,30215233;1,606808837
0;0;0;98,56124532;-0,749178071;0,029800731
0;0;0;96,70954367;-1,930129656;0,284901489
1;0;1;-1,125149538;-0,685647592;-0,439501946
1;1;1;0,33103106;-1,053474534;1,384505595
0;0;0;97,67301915;-0,876516424;-0,286974
1;0;1;2,832694008;1,410089681;1,422604328
0;0;0;103,0859337;0,485217697;1,057749159
1;0;1;-0,512873157;-0,960139914;0,447266757
1;0;0;100,8977941;0,28960585;0,159291176
1;0;1;0,183808879;-0,017939783;0,201748662
0;1;1;0,820793957;0,165414349;0,655379608
1;0;0;100,2857223;0,450143034;-0,30728188
1;0;1;1,34609536;0,286336217;1,059759143
0;0;0;103,5070616;0,9076075;0,845923296
0;1;0;105,1819643;1,340008566;1,250973583
0;0;0;97,353259;-1,634102773;0,310732275
1;1;1;-2,238634806;-0,956265467;-1,28236934
0;0;0;94,90490609;-1,865764716;-0,68178224
0;0;0;99,94893869;0,088970182;-0,114500835
0;0;0;96,90837512;-1,513103598;-0,03270884
1;0;1;2,46474201;1,220928425;1,243813585
0;0;0;98,45238335;-1,213225005;0,439416681
0;0;0;98,24366569;-1,189300747;0,31113359
1;0;1;0,613847533;-0,120123786;0,733971319
0;0;0;99,14252385;-0,315392299;-0,113345777
1;1;1;-0,071902377;-0,529507815;0,457605438
0;0;0;102,7092528;1,171035819;0,1835906
0;0;0;96,8308839;-1,063656327;-0,520901722
0;0;0;99,18402864;-0,702780198;0,294794518
0;1;0;98,25540272;-1,202438398;0,330139756
0;0;0;102,7464148;1,350217644;0,022989752
1;0;1;-1,416259465;-1,206071829;-0,210187636
0;1;1;2,094288902;0,602699401;1,491589501
1;0;0;97,31727257;-1,762737156;0,421373443
0;1;0;99,52602593;-1,219316346;0,982329311
0;0;0;102,2208451;1,044854798;0,065567747
1;0;1;3,211180228;1,791304385;1,419875844
0;0;0;103,4820823;0,788033958;0,953007202
0;1;0;101,1779775;0,673505838;-0,084517069
0;1;0;101,6802483;-0,100188799;0,94031293
1;0;1;0,854225846;1,027710823;-0,173484977
0;1;1;-1,143267809;-0,803256626;-0,340011184
0;0;0;99,40531779;0,419117896;-0,716458999
1;0;1;-1,426437848;-0,315392299;-1,111045549
0;1;1;-1,063074251;0,1186595;-1,181733751
0;0;0;99,51900463;1,073676685;-1,314174369
0;0;0;96,84742761;-1,498369784;-0,077916411
1;0;1;1,570506356;0,586812803;0,983693553
0;0;0;97,72983756;0,324248504;-1,459329724
1;1;1;0,263703441;-1,229514055;1,493217496
0;0;0;95,37159738;-2,670713002;0,356511691
0;0;0;103,2316393;-0,605821242;2,221640898
1;0;1;0,979163133;0,864894218;0,114268914
1;0;0;104,0669238;1,917960617;0,11550128
0;0;0;97,68750513;-0,247252956;-0,90899448
1;0;1;-1,572020665;-1,557600626;-0,014420038
0;0;0;100,9944415;-0,423631263;0,920852017
1;0;1;-1,214958729;-0,017863613;-1,197095116
0;1;1;0,52887799;0,748773346;-0,219895355
0;1;1;0,148670551;0,227660166;-0,078989615
1;1;1;-3,714728791;-2,875895007;-0,838833785
