Data,Close_filled,Close_filled_std
2005-11-20,31102.0,-1.5175227970581395
2005-11-27,31919.0,-1.4904982958065633
2005-12-04,32832.0,-1.4602983329636146
2005-12-11,32921.0,-1.4573544154466131
2005-12-18,33291.0,-1.445115657229865
2005-12-25,33331.0,-1.4437925482334597
2006-01-01,33509.06876523941,-1.437902438601784
2006-01-08,35475.0,-1.372873906026141
2006-01-15,35897.0,-1.358915106114066
2006-01-22,36694.0,-1.3325521593606926
2006-01-29,37822.0,-1.2952404856620658
2006-02-05,37261.0,-1.3137970893366488
2006-02-12,36975.0,-1.323257318660946
2006-02-19,38421.0,-1.2754269284408981
2006-02-26,38610.0,-1.2691752384328834
2006-03-05,39239.0,-1.2483693494644117
2006-03-12,36890.0,-1.326068925278307
2006-03-19,38049.0,-1.2877318421074664
2006-03-26,37577.0,-1.3033445282650478
2006-04-02,37951.0,-1.2909734591486592
2006-04-09,38926.0,-1.2587226773612823
2006-04-16,38324.94911721987,-1.2786040731188744
2006-04-23,39768.47718425672,-1.2308554488173777
2006-04-30,40363.0,-1.2111899866654257
2006-05-07,41417.0,-1.1763260646101485
2006-05-14,40211.0,-1.2162178008517652
2006-05-21,37732.0,-1.2982174809039777
2006-05-28,38629.0,-1.268546761659591
2006-06-04,37942.0,-1.2912711586728502
2006-06-11,35074.0,-1.3861380737151032
2006-06-18,34398.0,-1.408498615754351
2006-06-25,34661.0,-1.399799174102987
2006-07-02,36630.0,-1.3346691337549408
2006-07-09,36101.0,-1.3521672502323996
2006-07-16,35349.0,-1.3770416993648174
2006-07-23,35510.0,-1.3717161856542865
2006-07-30,37381.0,-1.3098277623474333
2006-08-06,37847.0,-1.2944135425393126
2006-08-13,36944.0,-1.3242827281331602
2006-08-20,37551.0,-1.3042045491127112
2006-08-27,35957.0,-1.3569304426194584
2006-09-03,37329.0,-1.31154780404276
2006-09-10,36558.0,-1.3370507299484702
2006-09-17,36169.0,-1.349917964938511
2006-09-24,34798.0,-1.3952675257902991
2006-10-01,36449.0,-1.3406562019636745
2006-10-08,37940.0,-1.2913373141226705
2006-10-15,38850.0,-1.2612365844544522
2006-10-22,38642.0,-1.2681167512357594
2006-10-29,39328.0,-1.24542543194741
2006-11-05,40435.0,-1.2088083904718963
2006-11-12,40719.0,-1.1994143165974194
2006-11-19,41029.0,-1.189160221875279
2006-11-26,41757.0,-1.1650796381407043
2006-12-03,41327.0,-1.1793030598520602
2006-12-10,42977.0,-1.1247248137503458
2006-12-17,43595.0,-1.1042827797558854
2006-12-24,43355.0,-1.1122214337343166
2006-12-31,44758.38604374568,-1.0658006162365812
2007-01-07,42245.0,-1.1489377083845609
2007-01-14,43094.0,-1.1208547199358605
2007-01-21,43427.0,-1.1098398375407872
2007-01-28,44412.0,-1.0772582785043092
2007-02-04,44997.0,-1.0579078094318832
2007-02-11,44284.0,-1.0814922272928058
2007-02-18,45849.0,-1.0297255878084524
2007-02-25,46015.0,-1.0242346854733708
2007-03-04,42369.0,-1.1448360704957048
2007-03-11,44133.0,-1.0864869637542354
2007-03-18,42730.0,-1.1328950118031478
2007-03-25,45532.0,-1.0402112266049637
2007-04-01,45804.0,-1.0312140854294083
2007-04-08,46756.92895549975,-0.9996933635804899
2007-04-15,47926.0,-0.9610231531701123
2007-04-22,49408.0,-0.9120019648532997
2007-04-29,49229.0,-0.9179228776122129
2007-05-06,50597.0,-0.8726725499351551
2007-05-13,50902.0,-0.8625838438375655
2007-05-20,52077.0,-0.8237175170681627
2007-05-27,51617.0,-0.8389332705268225
2007-06-03,53422.0,-0.7792279770640378
2007-06-10,52329.0,-0.81538193039081
2007-06-17,54518.0,-0.7429747905625353
2007-06-24,54267.0,-0.751277299514978
2007-07-01,54392.0,-0.7471425839012117
2007-07-08,56443.0,-0.6793001701105351
2007-07-15,57644.0,-0.639573822493469
2007-07-22,57442.0,-0.6462555229253152
2007-07-29,52922.0,-0.7957668395191029
2007-08-05,52846.0,-0.7982807466122727
2007-08-12,52638.0,-0.8051609133935798
2007-08-19,48558.0,-0.9401180310269102
2007-08-26,52997.0,-0.7932860101508431
2007-09-02,54637.0,-0.7390385412982299
2007-09-09,53653.28180217692,-0.7715777012349105
2007-09-16,54671.0,-0.7379138986512854
2007-09-23,57798.0,-0.6344798528573089
2007-09-30,60465.0,-0.5462615605219922
2007-10-07,62318.0,-0.4849685362635213
2007-10-14,62698.020196252655,-0.47239833275158233
2007-10-21,60894.0,-0.5320712165355465
2007-10-28,64275.0,-0.4202354286143969
2007-11-04,63602.40085824785,-0.44248347800006405
2007-11-11,64320.0,-0.418746930993441
2007-11-18,64609.0,-0.40918746849441345
2007-11-25,60970.0,-0.5295573094423766
2007-12-02,63006.0,-0.46221106152535185
2007-12-09,65638.0,-0.3751504895618897
2007-12-16,62444.0,-0.4808007429248449
2007-12-23,63097.0,-0.45920098855853003
2007-12-30,63886.0,-0.43310266360443744
2008-01-06,61036.0,-0.527374179598308
2008-01-13,61942.0,-0.4974057608297302
2008-01-20,57506.0,-0.6441385485310669
2008-01-27,57950.499933020685,-0.6294355020240374
2008-02-03,61079.0,-0.5259518374271723
2008-02-10,59075.0,-0.5922395981470729
2008-02-17,61271.0,-0.5196009142444274
2008-02-24,64608.0,-0.4092205462193236
2008-03-02,63489.0,-0.44623452039375905
2008-03-09,61867.0,-0.4998865901979899
2008-03-16,61990.0,-0.49581803003404396
2008-03-23,59454.06049909685,-0.5797011392336507
2008-03-30,60452.0,-0.5466915709458239
2008-04-06,64445.0,-0.4146122153796748
2008-04-13,62585.0,-0.4761367837125166
2008-04-20,64922.0,-0.39883414059754274
2008-04-27,65187.0,-0.39006854349635833
2008-05-04,69366.0,-0.251836731096925
2008-05-11,69645.0,-0.24260804584699874
2008-05-18,72766.0,-0.139372466402483
2008-05-25,71451.0,-0.18286967465930395
2008-06-01,72592.0,-0.1451279905368456
2008-06-08,69785.0,-0.23797716435958055
2008-06-15,67203.0,-0.32338385007753623
2008-06-22,64613.0,-0.40905515759477296
2008-06-29,64321.0,-0.4187138532685309
2008-07-06,59365.0,-0.5826470579231352
2008-07-13,60148.0,-0.5567471993185034
2008-07-20,59988.0,-0.5620396353041243
2008-07-27,57199.0,-0.6542934100784767
2008-08-03,57630.0,-0.6400369106422108
2008-08-10,56584.0,-0.6746362108982068
2008-08-17,54244.0,-0.752038087187911
2008-08-24,55850.0,-0.6989152609822422
2008-08-31,55680.0,-0.7045384742169643
2008-09-07,51939.0,-0.8282822431057606
2008-09-14,52392.0,-0.8132980337214717
2008-09-21,53055.0,-0.7913675021060556
2008-09-28,50782.0,-0.8665531708267811
2008-10-05,44517.0,-1.0737851173887456
2008-10-12,35609.0,-1.3684414908881837
2008-10-19,36399.0,-1.342310088209181
2008-10-26,31481.0,-1.5049863393172003
2008-11-02,37256.0,-1.3139624779611996
2008-11-09,36665.0,-1.3335114133830863
2008-11-16,35789.0,-1.3624875004043602
2008-11-23,31250.0,-1.5126272937714402
2008-11-30,36595.0,-1.3358268541267955
2008-12-07,35347.0,-1.3771078548146376
2008-12-14,39373.0,-1.2439369343264544
2008-12-21,39131.0,-1.2519417437547058
2008-12-28,36864.0,-1.3269289461259706
2009-01-04,40244.0,-1.215126235929731
2009-01-11,41582.0,-1.170868239999977
2009-01-18,39341.0,-1.2449954215235783
2009-01-25,38132.0,-1.2849863909399257
2009-02-01,39300.0,-1.2463516082448938
2009-02-08,42755.0,-1.1320680686803946
2009-02-15,41673.0,-1.1678581670331554
2009-02-22,38714.0,-1.26573515504223
2009-03-01,38183.0,-1.283299426969509
2009-03-08,37105.0,-1.3189572144226291
2009-03-15,39015.0,-1.255778759844281
2009-03-22,40076.0,-1.2206832937146328
2009-03-29,41907.0,-1.160117979404185
2009-04-05,44390.0,-1.077985988452332
2009-04-12,45692.67096104109,-1.0348965967546002
2009-04-19,45778.0,-1.0320741062770715
2009-04-26,46771.0,-0.9992279254413124
2009-05-03,48852.10373012591,-0.9303897487467622
2009-05-10,51395.0,-0.8462765254568714
2009-05-17,49007.0,-0.9252661325422618
2009-05-24,50568.0,-0.8736318039575489
2009-05-31,53197.0,-0.7866704651688171
2009-06-07,53341.0,-0.7819072727817583
2009-06-14,53558.0,-0.7747294064762601
2009-06-21,51373.0,-0.8470042354048942
2009-06-28,51485.0,-0.8432995302149596
2009-07-05,50934.0,-0.8615253566404413
2009-07-12,49220.0,-0.9182205771364041
2009-07-19,52072.0,-0.8238829056927134
2009-07-26,54457.0,-0.7449925317820533
2009-08-02,54765.0,-0.7348045925097332
2009-08-09,56329.0,-0.6830710307502899
2009-08-16,56638.0,-0.6728500137530598
2009-08-23,57728.0,-0.636795293601018
2009-08-30,57700.0,-0.6377214698985016
2009-09-06,56652.0,-0.6723869256043179
2009-09-13,58366.0,-0.6156917051083551
2009-09-20,60703.0,-0.5383890619933812
2009-09-27,60355.0,-0.5499001102621065
2009-10-04,61171.0,-0.5229086867354404
2009-10-11,64071.0,-0.4269832844960634
2009-10-18,66200.0,-0.3565608081623966
2009-10-25,65058.0,-0.3943355700097651
2009-11-01,61545.0,-0.5105376176190518
2009-11-08,64466.0,-0.4139175831565621
2009-11-15,65325.0,-0.3855038174587604
2009-11-22,66597.02871062983,-0.3434280016907593
2009-11-29,67082.0,-0.32738625479166195
2009-12-06,67603.0,-0.3101527601134842
2009-12-13,69267.0,-0.2551114258630279
2009-12-20,66794.0,-0.3369126395657794
2009-12-27,67807.37689072131,-0.3033924375442171
2010-01-03,69550.14201698518,-0.24574573211469283
2010-01-10,70262.0,-0.22219908957744852
2010-01-17,68978.0,-0.26467088836205543
2010-01-24,66220.0,-0.355899253664194
2010-01-31,65401.0,-0.3829899103655905
2010-02-07,62762.0,-0.4702820264034236
2010-02-14,65854.0,-0.3680057009813016
2010-02-21,67597.0,-0.310351226462945
2010-02-28,66503.0,-0.34653825751462725
2010-03-07,68846.0,-0.26903714805019263
2010-03-14,69341.0,-0.2526636742196783
2010-03-21,68828.0,-0.269632547098575
2010-03-28,68682.0,-0.2744618949354539
2010-04-04,71175.6218620558,-0.19197855695248583
2010-04-11,71417.0,-0.18399431730624838
2010-04-18,69421.0,-0.2500174562268679
2010-04-25,69509.0,-0.24710661643477644
2010-05-02,67529.0,-0.31260051175683384
2010-05-09,62870.0,-0.46670963211312955
2010-05-16,63412.0,-0.44878150521183907
2010-05-23,60259.0,-0.553075571853479
2010-05-30,61946.0,-0.49727344993008965
2010-06-06,61675.0,-0.5062375133807349
2010-06-13,63605.0,-0.442397504304184
2010-06-20,64437.0,-0.4148768371789558
2010-06-27,64823.0,-0.4021088353636456
2010-07-04,61429.0,-0.5143746337086269
2010-07-11,63233.4212400657,-0.45468848430773806
2010-07-18,62339.0,-0.48427390404040854
2010-07-25,66322.0,-0.35252532572336076
2010-08-01,67515.0,-0.31306359990557564
2010-08-08,68094.0,-0.2939115971826104
2010-08-15,66264.0,-0.3544438337681483
2010-08-22,66677.0,-0.3407827333802646
2010-08-29,65585.0,-0.37690360898212655
2010-09-05,66678.0,-0.3407496556553545
2010-09-12,66806.0,-0.33651570686685783
2010-09-19,67089.0,-0.327154710717291
2010-09-26,68196.0,-0.29053766924177715
2010-10-03,70229.0,-0.22329065449948282
2010-10-10,70808.0,-0.20413865177651755
2010-10-17,71830.0,-0.17033321691836467
2010-10-24,69529.0,-0.24644506193657384
2010-10-31,70673.0,-0.2086041446393851
2010-11-07,72606.0,-0.1446649023881038
2010-11-14,70367.0,-0.21872592846188488
2010-11-21,70897.0,-0.20119473425951598
2010-11-28,68226.0,-0.28954533749447325
2010-12-05,69766.0,-0.23860564113287303
2010-12-12,68341.0,-0.2857413991298083
2010-12-19,67981.0,-0.29764938009745506
2010-12-26,68153.78865687914,-0.2919339244376159
2011-01-02,69632.59017639639,-0.24301853457834213
2011-01-09,70057.0,-0.2289800231840252
2011-01-16,70940.0,-0.19977239208838038
2011-01-23,69133.0,-0.2595438410009853
2011-01-30,66697.0,-0.340121178882062
2011-02-06,65269.0,-0.38735617005372763
2011-02-13,65755.0,-0.37128039574740446
2011-02-20,68066.0,-0.29483777348009405
2011-02-27,66902.0,-0.33334024527548534
2011-03-06,68012.0,-0.29662397062524104
2011-03-13,66684.0,-0.3405511893058937
2011-03-20,66879.0,-0.33410103294841836
2011-03-27,67765.0,-0.30479416867804315
2011-04-03,69268.0,-0.25507834813811775
2011-04-10,68718.0,-0.2732710968386893
2011-04-17,66684.0,-0.3405511893058937
2011-04-24,66982.7022688947,-0.330670797825363
2011-05-01,66132.0,-0.35881009345628545
2011-05-08,64417.0,-0.4155383916771584
2011-05-15,63235.0,-0.4546362625209321
2011-05-22,62596.0,-0.4757729287385052
2011-05-29,64294.0,-0.4196069518411044
2011-06-05,64340.0,-0.4180853764952384
2011-06-12,62697.0,-0.472432078522582
2011-06-19,61059.0,-0.5266133919253749
2011-06-26,61016.0,-0.5280357340965106
2011-07-03,63394.0,-0.4493769042602214
2011-07-10,61513.0,-0.5115961048161759
2011-07-17,59478.0,-0.5789092750082905
2011-07-24,60270.0,-0.5527117168794675
2011-07-31,58823.0,-0.6005751848244256
2011-08-07,52949.0,-0.7948737409465293
2011-08-14,53473.0,-0.7775410130936212
2011-08-21,52447.0,-0.8114787588514146
2011-08-28,53350.0,-0.7816095732575672
2011-09-04,56531.0,-0.6763893303184436
2011-09-11,55778.0,-0.7012968571757715
2011-09-18,57210.0,-0.6539295551044654
2011-09-25,53230.0,-0.7855789002467828
2011-10-02,52324.0,-0.8155473190153606
2011-10-09,51243.0,-0.8513043396432111
2011-10-16,55030.0,-0.7260389954085488
2011-10-23,55255.0,-0.7185965073037696
2011-10-30,59513.0,-0.577751554636436
2011-11-06,58669.0,-0.6056691544605857
2011-11-13,58546.0,-0.6097377146245316
2011-11-20,56731.0,-0.6697737853364176
2011-11-27,54894.0,-0.7305375659963265
2011-12-04,57885.0,-0.6316020907901276
2011-12-11,58236.0,-0.619991809346672
2011-12-18,56096.0,-0.6907781406543502
2011-12-25,57701.0,-0.6376883921735915
2012-01-01,57339.95897234856,-0.6496308079675164
2012-01-08,58600.0,-0.6079515174793847
2012-01-15,59146.0,-0.5898910796784537
2012-01-22,62312.0,-0.48516700261298207
2012-01-29,62904.0,-0.4655849894661851
2012-02-05,65217.0,-0.38907621174905443
2012-02-12,63997.0,-0.429431036139413
2012-02-19,66203.0,-0.35646157498766623
2012-02-26,65942.0,-0.36509486118921014
2012-03-04,67781.0,-0.30426492507948105
2012-03-11,66703.0,-0.3399227125326012
2012-03-18,67684.0,-0.3074734643957637
2012-03-25,65812.0,-0.36939496542752703
2012-04-01,64510.0,-0.4124621632605163
2012-04-08,63258.96646788545,-0.4538435062891496
2012-04-15,62105.0,-0.492014091669379
2012-04-22,62494.0,-0.47914685667933843
2012-04-29,61691.0,-0.5057082697821728
2012-05-06,60820.0,-0.5345189681788961
2012-05-13,59445.0,-0.5800008399303248
2012-05-20,54513.0,-0.743140179187086
2012-05-27,54463.0,-0.7447940654325925
2012-06-03,53402.0,-0.7798895315622404
2012-06-10,54429.0,-0.7459187080795369
2012-06-17,56104.0,-0.6905135188550692
2012-06-24,55439.0,-0.7125102059203056
2012-07-01,54354.0,-0.7483995374477966
2012-07-08,55394.0,-0.7139987035412615
2012-07-15,54330.0,-0.7491934028456397
2012-07-22,54194.0,-0.7536919734334174
2012-07-29,56553.0,-0.6756616203704208
2012-08-05,57255.0,-0.6524410574835096
2012-08-12,59280.0,-0.5854586645404962
2012-08-19,59082.0,-0.592008054072702
2012-08-26,58425.0,-0.6137401193386575
2012-09-02,57061.0,-0.6588581361160747
2012-09-09,58346.637419862,-0.6163321752077101
2012-09-16,62105.0,-0.492014091669379
2012-09-23,61320.0,-0.517980105723831
2012-09-30,59175.0,-0.58893182565606
2012-10-07,58571.0,-0.6089107715017784
2012-10-14,59362.5793356872,-0.5827271279913737
2012-10-21,58922.0,-0.5973004900583228
2012-10-28,57276.0,-0.6517464252603968
2012-11-04,58291.94889945604,-0.6181411470414406
2012-11-11,57357.0,-0.6490671295426763
2012-11-18,55402.0,-0.7137340817419804
2012-11-25,57574.0,-0.6418892632371781
2012-12-02,57474.0,-0.6451970357281911
2012-12-09,58487.0,-0.6116893003942293
2012-12-16,59604.0,-0.5747414816696141
2012-12-23,61007.0,-0.5283334336207017
2012-12-30,60952.0,-0.5301527084907589
2013-01-06,62523.0,-0.47818760265694465
2013-01-13,61497.0,-0.512125348414738
2013-01-20,61956.0,-0.49694267268098835
2013-01-27,60637.6012194717,-0.5405523048651545
2013-02-03,60351.0,-0.550032421161747
2013-02-10,58497.0,-0.6113585231451281
2013-02-17,57903.0,-0.6310066917417453
2013-02-24,56697.0,-0.6708984279833621
2013-03-03,56883.0,-0.6647459711500778
2013-03-10,58432.0,-0.6135085752642865
2013-03-17,56869.0,-0.6652090592988197
2013-03-24,55243.0,-0.718993440002691
2013-03-31,56078.75501807629,-0.6913485654225028
2013-04-07,55050.0,-0.7253774409103462
2013-04-14,54962.0,-0.7282882807024377
2013-04-21,53928.0,-0.7624906482595121
2013-04-28,54252.0,-0.7517734653886299
2013-05-05,55488.0,-0.7108893973997092
2013-05-12,55107.0,-0.7234920105904687
2013-05-19,55164.0,-0.7216065802705913
2013-05-26,56406.0,-0.6805240459322099
2013-06-02,53506.0,-0.7764494481715869
2013-06-09,51618.0,-0.8389001928019124
2013-06-16,49332.0,-0.9145158719464695
2013-06-23,47056.0,-0.9898007738419254
2013-06-30,47457.0,-0.9765366061529633
2013-07-07,45210.0,-1.0508622540260255
2013-07-14,45533.0,-1.0401781488800534
2013-07-21,47400.0,-0.9784220364728408
2013-07-28,49422.0,-0.9115388767045579
2013-08-04,48474.0,-0.942896559919361
2013-08-11,49874.0,-0.8965877450451791
2013-08-18,51538.0,-0.8415464107947228
2013-08-25,52197.0,-0.8197481900789471
2013-09-01,50011.0,-0.8920560967324913
2013-09-08,53749.0,-0.7684115610184253
2013-09-15,53797.0,-0.766823830222739
2013-09-22,54110.0,-0.7564705023258684
2013-09-29,53738.0,-0.7687754159924367
2013-10-06,52848.0,-0.7982145911624524
2013-10-13,53149.0,-0.7882581959645033
2013-10-20,55378.0,-0.7145279471398236
2013-10-27,54154.0,-0.7550150824298226
2013-11-03,54013.0,-0.7596790416421509
2013-11-10,52248.0,-0.8180612261085305
2013-11-17,53786.21393481716,-0.7671806087197197
2013-11-24,52800.0,-0.7998023219581387
2013-12-01,52482.0,-0.81032103847956
2013-12-08,50944.0,-0.86119457939134
2013-12-15,50051.0,-0.8907329877360861
2013-12-22,51185.0,-0.8532228476879986
2013-12-29,51266.0,-0.8505435519702781
2014-01-05,50981.0,-0.8599707035696652
2014-01-12,49696.0,-0.9024755800791823
2014-01-19,49181.0,-0.9195106084078992
2014-01-26,47787.0,-0.9656209569326204
2014-02-02,47638.0,-0.9705495379442298
2014-02-09,48073.0,-0.9561607276083233
2014-02-16,48201.0,-0.9519267788198266
2014-02-23,47380.0,-0.9790835909710434
2014-03-02,47094.0,-0.9885438202953405
2014-03-09,46244.0,-1.0166598864689511
2014-03-16,44965.0,-1.0589662966290072
2014-03-23,47380.0,-0.9790835909710434
2014-03-30,49768.0,-0.9000939838856529
2014-04-06,51081.0,-0.8566629310786522
2014-04-13,51867.0,-0.83066383929929
2014-04-20,52008.81538544464,-0.8259729089915281
2014-04-27,51399.0,-0.8461442145572309
2014-05-04,52980.0,-0.7938483314743153
2014-05-11,53100.0,-0.7898790044850997
2014-05-18,53975.0,-0.7609359951887359
2014-05-25,52626.0,-0.8055578460925014
2014-06-01,51239.0,-0.8514366505428517
2014-06-08,53128.0,-0.788952828187616
2014-06-15,54806.0,-0.7334484057884179
2014-06-22,54638.0,-0.7390054635733198
2014-06-29,53157.0,-0.7879935741652223
2014-07-06,54055.0,-0.7582897771959255
2014-07-13,54785.0,-0.7341430380115306
2014-07-20,57012.0,-0.6604789446366711
2014-07-27,57821.0,-0.6337190651843759
2014-08-03,55902.0,-0.6971952192869154
2014-08-10,55572.0,-0.7081108685072584
2014-08-17,56963.0,-0.6620997531572674
2014-08-24,58407.0,-0.6143355183870397
2014-08-31,61288.0,-0.5190385929209552
2014-09-07,60681.0,-0.5391167719414042
2014-09-14,56927.0,-0.6632905512540321
2014-09-21,57788.0,-0.6348106301064103
2014-09-28,57212.0,-0.6538633996546451
2014-10-05,54539.0,-0.7422801583394226
2014-10-12,55311.0,-0.7167441547088023
2014-10-19,55723.0,-0.7031161320458287
2014-10-26,51940.0,-0.8282491653808505
2014-11-02,54628.0,-0.739336240822421
2014-11-09,53222.0,-0.7858435220460638
2014-11-16,51772.0,-0.8338062231657524
2014-11-23,56084.0,-0.6911750733532718
2014-11-30,54724.0,-0.7361607792310486
2014-12-07,51992.0,-0.8265291236855238
2014-12-14,48001.0,-0.9585423238018526
2014-12-21,49650.0,-0.9039971554250482
2014-12-28,50144.0,-0.887656759319444
2015-01-04,48512.0,-0.9416396063727761
2015-01-11,48840.0,-0.9307901126022535
2015-01-18,49016.0,-0.9249684330180706
2015-01-25,48775.0,-0.932940164721412
2015-02-01,46907.0,-0.9947293548535349
2015-02-08,48792.0,-0.9323778433979397
2015-02-15,50635.0,-0.8714155963885701
2015-02-22,51237.0,-0.8515028059926719
2015-03-01,51583.0,-0.8400579131737669
2015-03-08,49981.0,-0.8930484284797952
2015-03-15,48595.0,-0.9388941552052353
2015-03-22,51966.0,-0.8273891445331871
2015-03-29,50094.0,-0.8893106455649505
2015-04-05,53397.04280396956,-0.7800535043288609
2015-04-12,54214.0,-0.7530304189352148
2015-04-19,53954.0,-0.7616306274118486
2015-04-26,56594.0,-0.6743054336491054
2015-05-03,56782.14476495122,-0.668082032870768
2015-05-10,57149.0,-0.6559472963239833
2015-05-17,57248.0,-0.6526726015578804
2015-05-24,54377.0,-0.7476387497748637
2015-05-31,52760.0,-0.8011254309545439
2015-06-07,52973.0,-0.7940798755486862
2015-06-14,53347.0,-0.7817088064322976
2015-06-21,53749.0,-0.7684115610184253
2015-06-28,54016.0,-0.7595798084674206
2015-07-05,52519.0,-0.8090971626578852
2015-07-12,52590.0,-0.806748644189266
2015-07-19,52341.0,-0.8149849976918884
2015-07-26,49245.0,-0.9173936340136508
2015-08-02,50864.0,-0.8638407973841504
2015-08-09,48577.0,-0.9394895542536177
2015-08-16,47508.0,-0.9748496421825467
2015-08-23,45719.0,-1.0340256920467692
2015-08-30,47153.0,-0.9865922345256428
2015-09-06,46497.0,-1.0082912220666882
2015-09-13,46400.0,-1.0114997613829708
2015-09-20,47264.0,-0.9829206070606185
2015-09-27,44831.0,-1.0633987117669648
2015-10-04,47033.0,-0.9905615615148584
2015-10-11,49338.0,-0.9143174055970088
2015-10-18,47236.0,-0.983846783358102
2015-10-25,47596.0,-0.9719388023904553
2015-11-01,45868.0,-1.0290971110351599
2015-11-08,46918.0,-0.9943654998795234
2015-11-15,46517.0,-1.0076296675684855
2015-11-22,48118.80195600585,-0.9546457031072157
2015-11-29,45872.0,-1.0289648001355194
2015-12-06,45360.0,-1.045900595289506
2015-12-13,45262.0,-1.0491422123306986
2015-12-20,43910.0,-1.0938632964091946
2015-12-27,43828.85499895244,-1.0965473884316779
2016-01-03,42572.41029011968,-1.1381077208752362
2016-01-10,40612.0,-1.2029536331628032
2016-01-17,38569.0,-1.2705314251541988
2016-01-24,38031.0,-1.2883272411558488
2016-01-31,40405.0,-1.2098007222192002
2016-02-07,40592.0,-1.2036151876610057
2016-02-14,39808.0,-1.2295481239905477
2016-02-21,41543.0,-1.1721582712714722
2016-02-28,41593.0,-1.1705043850259658
2016-03-06,49084.0,-0.9227191477241818
2016-03-13,49638.0,-0.9043940881239698
2016-03-20,50814.0,-0.8654946836296569
2016-03-27,50263.87453896383,-0.8836915822958699
2016-04-03,50561.0,-0.8738633480319198
2016-04-10,50292.0,-0.8827612560327448
2016-04-17,53227.0,-0.7856781334215132
2016-04-24,52907.0,-0.7962630053927547
2016-05-01,53910.0,-0.7630860473078944
2016-05-08,51717.0,-0.8356254980358095
2016-05-15,51804.0,-0.8327477359686282
2016-05-22,49722.0,-0.9016155592315188
2016-05-29,49051.0,-0.9238107126462161
2016-06-05,50619.0,-0.8719448399871322
2016-06-12,49422.0,-0.9115388767045579
2016-06-19,49533.0,-0.9078672492395334
2016-06-26,50105.0,-0.8889467905909391
2016-07-03,52233.0,-0.8185573919821824
2016-07-10,53140.0,-0.7885558954886945
2016-07-17,55578.0,-0.7079124021577975
2016-07-24,57002.0,-0.6608097218857724
2016-07-31,57308.0,-0.6506879380632726
2016-08-07,57661.0,-0.6390115011699967
2016-08-14,58298.0,-0.6179409904022439
2016-08-21,59098.0,-0.59147881047414
2016-08-28,57716.0,-0.6371922262999395
2016-09-04,59616.0,-0.5743445489706925
2016-09-11,57999.0,-0.6278312301503728
2016-09-18,57079.0,-0.6582627370676924
2016-09-25,58697.0,-0.6047429781631021
2016-10-02,58367.0,-0.6156586273834449
2016-10-09,61108.0,-0.5249925834047786
2016-10-16,61767.0,-0.503194362689003
2016-10-23,64108.0,-0.4257594086743886
2016-10-30,64307.0,-0.41917694141727274
2016-11-06,61598.0,-0.5087844981988149
2016-11-13,59183.0,-0.5886672038567788
2016-11-20,59961.0,-0.5629327338766977
2016-11-27,61559.0,-0.51007452947031
2016-12-04,60316.0,-0.5511901415336016
2016-12-11,60500.0,-0.5451038401501377
2016-12-18,58389.0,-0.614930917435422
2016-12-25,57937.0,-0.6298820490948008
2017-01-01,59969.212214406965,-0.5626610925076411
2017-01-08,61665.0,-0.5065682906298362
2017-01-15,63651.0,-0.440875928958318
2017-01-22,64521.0,-0.4120983082865049
2017-01-29,66033.0,-0.3620847882223883
2017-02-05,64953.0,-0.3978087311253287
2017-02-12,66124.0,-0.3590747152555665
2017-02-19,67748.0,-0.3053564900015154
2017-02-26,66662.0,-0.3412788992539166
2017-03-05,66785.0,-0.33721033908997056
2017-03-12,64675.0,-0.40700433865034485
2017-03-19,64209.0,-0.42241855845846543
2017-03-26,63853.0,-0.4341942285264717
2017-04-02,64984.0,-0.3967833216531147
2017-04-09,64593.0,-0.40971671209297555
2017-04-16,63611.93083321019,-0.44216824810985944
2017-04-23,64090.58029086063,-0.42633561302131523
2017-04-30,65403.0,-0.38292375491577024
2017-05-07,65709.0,-0.37280197109327046
2017-05-14,68221.0,-0.2897107261190239
2017-05-21,62639.0,-0.47435058656736956
2017-05-28,64085.0,-0.4265201963473216
2017-06-04,62510.0,-0.4786176130807763
2017-06-11,62210.0,-0.48854093055381537
2017-06-18,61626.0,-0.5078583219013313
2017-06-25,61087.0,-0.5256872156278913
2017-07-02,62899.0,-0.4657503780907358
2017-07-09,62322.0,-0.48483622536388077
2017-07-16,65436.0,-0.3818321899937359
2017-07-23,64684.0,-0.4067066391261537
2017-07-30,65497.0,-0.379814448774218
2017-08-06,66897.0,-0.333505633900036
2017-08-13,67358.0,-0.31825680271646606
2017-08-20,68714.0,-0.2734034077383298
2017-08-27,71073.0,-0.1953730546753331
2017-09-03,71923.11,-0.16725334995198246
2017-09-10,73078.85,-0.12902410016434865
2017-09-17,75756.52,-0.04045286850424088
2017-09-24,75389.75,-0.0525847856695294
2017-10-01,74293.51,-0.08884591082501049
2017-10-08,76054.72,-0.03058909093604021
2017-10-15,76989.79,0.0003408972956748054
2017-10-22,76390.51,-0.019481921688467865
2017-10-29,75975.71,-0.033202561981189406
2017-11-05,73915.43,-0.1013519370590325
2017-11-12,72165.64,-0.15923100932952866
2017-11-19,73437.28,-0.11716805122481097
2017-11-26,74157.37,-0.09334911229427557
2017-12-03,72264.45,-0.1559625993311588
2017-12-10,72731.84,-0.14050240148541315
2017-12-17,72607.7,-0.1446086702557567
2017-12-24,75186.53,-0.059306840925766054
2017-12-31,76897.43238815546,-0.0027140823822752683
2018-01-07,79071.47,0.06919813568659448
2018-01-14,79349.12,0.07838216600789188
2018-01-21,81219.5,0.140250081125301
2018-01-28,85530.84,0.2828593996393408
2018-02-04,84041.34,0.23359012838570214
2018-02-11,80898.7,0.1296387469741312
2018-02-18,84524.58,0.24957460817127355
2018-02-25,87293.24,0.3411555820209542
2018-03-04,85761.34,0.29048381523112576
2018-03-11,86371.41,0.310663542867049
2018-03-18,84886.49,0.2615457675934988
2018-03-25,84377.19,0.2446992822967695
2018-04-01,84959.3146409409,0.2639546410332205
2018-04-08,84820.42,0.2593603223086863
2018-04-15,84334.41,0.24328421722511417
2018-04-22,85550.09,0.2834961458438608
2018-04-29,86444.66,0.31308648621671603
2018-05-06,83118.03,0.2030491341989301
2018-05-13,85220.24,0.2725854582822547
2018-05-20,83081.88,0.20185337444342907
2018-05-27,78897.66,0.06344889631996486
2018-06-03,77239.75,0.008609005414211113
2018-06-10,72942.07,-0.13354847137755618
2018-06-17,70757.73,-0.20580146900774993
2018-06-24,70640.65,-0.209674209040228
2018-07-01,72762.52,-0.1394875768851701
2018-07-08,75010.39,-0.06513315139143634
2018-07-15,76594.36,-0.012739027465537671
2018-07-22,78571.29,0.05265331924104541
2018-07-29,79866.11,0.09548301900918017
2018-08-05,81434.98,0.14737766928893567
2018-08-12,76514.36,-0.015385245458348072
2018-08-19,76028.51,-0.03145605810593493
2018-08-26,76262.24,-0.023724801462689894
2018-09-02,76677.53,-0.009987953084762217
2018-09-09,76312.97103792978,-0.022046734145643575
2018-09-16,75429.1,-0.05128317719431559
2018-09-23,79444.29,0.0815301730875889
2018-09-30,79342.43,0.07816087602824304
2018-10-07,82321.52,0.1767023955307626
2018-10-14,83260.71463798893,0.20776881740322947
2018-10-21,84219.75,0.23949152528691856
2018-10-28,85719.88,0.289112412756352
2018-11-04,88933.10835569534,0.39539869637947167
2018-11-11,85641.22,0.2865105189149211
2018-11-18,88515.27,0.3815775541928803
2018-11-25,86230.23,0.3059936296642366
2018-12-02,89504.03,0.4142834854750203
2018-12-09,88115.08,0.3683401794610953
2018-12-16,87449.51,0.34632463809265984
2018-12-23,85697.16,0.2883608868463938
2018-12-30,87887.27,0.3608047429493187
2019-01-06,91840.8,0.4915785207132649
2019-01-13,93658.31,0.5516976165146752
2019-01-20,96096.75,0.6323556640445326
2019-01-27,96526.72136711705,0.6465781386452628
2019-02-03,97861.28,0.6907223019802043
2019-02-10,95343.11,0.6074269674432623
2019-02-17,97525.91,0.6796290253770941
2019-02-24,97885.6,0.6915267522500189
2019-03-03,94603.76,0.5829709515309575
2019-03-10,95364.86,0.6081464079600576
2019-03-17,99136.74,0.7329116169940789
2019-03-24,93735.16,0.5542396396740188
2019-03-31,95414.56,0.609790370888091
2019-04-07,97108.17,0.6658111365731363
2019-04-14,92875.0,0.5257875038153212
2019-04-21,94585.18931281172,0.5823566754487517
2019-04-28,96236.04,0.6369630603472645
2019-05-05,96007.89,0.6294163774090185
2019-05-12,94257.56,0.5715194431670706
2019-05-19,89992.73,0.43044856963860073
2019-05-26,93627.8,0.5506884151276672
2019-06-02,97030.32,0.6632360356888829
2019-06-09,97821.26,0.6893985314293007
2019-06-16,98040.06,0.6966359376396373
2019-06-23,102012.64,0.8280398460631216
2019-06-30,100967.2,0.7934590693330752
2019-07-07,104089.47,0.896736657488227
2019-07-14,103905.99,0.8906675565217165
2019-07-21,103451.93,0.8756482847490225
2019-07-28,102818.93,0.8547100848809102
2019-08-04,102673.68,0.8499055453377138
2019-08-11,103996.16,0.8936501749768628
2019-08-18,99805.78,0.7550419380679521
2019-08-25,97667.49,0.6843121696698704
2019-09-01,101134.61,0.7989966112602802
2019-09-08,102935.43,0.8585636398329403
2019-09-15,103501.18,0.8772773627008463
2019-09-22,104817.4,0.9208149257820577
2019-09-29,105077.63,0.9294227421354212
2019-10-06,102551.32,0.8458581549177107
2019-10-13,103831.92,0.8882174894376229
2019-10-20,104728.89,0.9178872163502623
2019-10-27,107363.77,1.0050430521614657
2019-11-03,108195.63,1.0325590884052065
2019-11-10,107628.98,1.013815595584881
2019-11-17,106384.70183322468,0.9726577046726063
2019-11-24,108692.28,1.0489871404818223
2019-12-01,108233.28,1.0338044647480726
2019-12-08,111125.75,1.1294807917188765
2019-12-15,112564.86,1.1770832764142938
2019-12-22,115121.08,1.2616372183840663
2019-12-29,116533.98,1.3083727359095887
2020-01-05,117706.66,1.3471623223572002
2020-01-12,115503.42,1.2742841557262052
2020-01-19,118478.3,1.372686418006853
2020-01-26,118376.36,1.3693144747295143
2020-02-02,113760.57,1.2166346428665855
2020-02-09,113770.29,1.2169561583527115
2020-02-16,114380.71,1.2371474631923534
2020-02-23,113681.42,1.2140165409399484
2020-03-01,104171.57,0.8994523387033488
2020-03-08,97996.77,0.695204002928278
2020-03-15,82677.91,0.18849096591148382
2020-03-22,67069.36,-0.327804357234526
2020-03-29,73428.78,-0.11744921188654707
2020-04-05,69537.56,-0.24616191661134318
2020-04-12,78323.36668378621,0.04445257998851874
2020-04-19,78990.29,0.06651288597838988
2020-04-26,75330.61,-0.05454100232071447
2020-05-03,79803.56597574445,0.09341420498008264
2020-05-10,80263.35,0.10862281445248038
2020-05-17,77556.62,0.019090344106483855
2020-05-24,82173.21,0.1717966381493413
2020-05-31,87402.59,0.3447726312398766
2020-06-07,94637.06,0.5840724397704649
2020-06-14,92795.27,0.5231502168082367
2020-06-21,96572.1,0.6480791605805631
2020-06-28,93834.49,0.5575252500893421
2020-07-05,96764.85,0.6544548920569907
2020-07-12,100031.83,0.7625191577838871
2020-07-19,102888.25,0.8570030327716806
2020-07-26,102381.58,0.8402435418914651
2020-08-02,102912.24,0.8577965673922747
2020-08-09,102775.55,0.853275173174309
2020-08-16,101353.45,0.806235340579613
2020-08-23,101521.29,0.8117871059285291
2020-08-30,102142.93,0.8323495428416623
2020-09-06,101241.73,0.8025398971526532
2020-09-13,98363.22,0.707325335221595
2020-09-20,98289.71,0.7048937916634516
2020-09-27,96999.38,0.6622126108801635
2020-10-04,94015.68,0.5635186030658081
2020-10-11,97483.31,0.6782199142959224
2020-10-18,98309.12,0.7055358303039568
2020-10-25,101259.75,0.8031359577555338
2020-11-01,93952.4,0.5614254446334952
2020-11-08,100925.11,0.792066827891608
2020-11-15,104723.0,0.9176923885505416
2020-11-22,106042.48,0.9613377850149598
2020-11-29,110575.47,1.1112787812553302
2020-12-06,113750.22,1.2162922884137655
2020-12-13,115128.0,1.2618661162404443
2020-12-20,118023.67,1.3576482919309605
2020-12-27,118655.64267692184,1.3785525102888996
2021-01-03,118944.53443725768,1.3881083924660917
2021-01-10,125076.63,1.5909441626131111
2021-01-17,120348.8,1.4345583024512512
2021-01-24,117380.49,1.3363733608232633
2021-01-31,115067.55,1.259866567769627
2021-02-07,120240.26,1.4309680461895053
2021-02-14,119428.72,1.4041241493159387
2021-02-21,118430.53,1.3711062950878958
2021-02-28,110035.17,1.0934068864863868
2021-03-07,115202.23,1.2643214757605232
2021-03-14,114160.4,1.2298601096174022
2021-03-21,116221.58,1.2980392546476642
2021-03-28,114780.62,1.2503755761611632
2021-04-04,116436.46980072698,1.3051473203621038
2021-04-11,117669.9,1.3459463851895035
2021-04-18,121113.93,1.4598670621117387
2021-04-25,120530.06,1.4405539708684612
2021-05-02,118893.84,1.3864315358160082
2021-05-09,122038.11,1.4904368339191827
2021-05-16,121880.82,1.4852340385680687
2021-05-23,122592.47,1.5087738015003624
2021-05-30,125561.37,1.6069782589860473
2021-06-06,130125.78,1.7579585573430938
2021-06-13,129441.03,1.7353085852108823
2021-06-20,128405.35,1.7010506470759592
2021-06-27,127255.61,1.663019863637786
2021-07-04,127621.65,1.6751276340638899
2021-07-11,126585.73186650054,1.6408618190145796
2021-07-18,125960.26,1.620172632675449
2021-07-25,125052.78,1.5901552588740044
2021-08-01,121800.79,1.4825868282435104
2021-08-08,122810.36,1.5159811069810307
2021-08-15,121193.75,1.4625073261140653
2021-08-22,118052.77,1.3586108537258454
2021-08-29,120677.6,1.445434258401702
2021-09-05,116933.24,1.3215793483572076
2021-09-12,114285.93,1.2340123564253709
2021-09-19,111439.37,1.1398546278051913
2021-09-26,113282.67,1.200826798132034
2021-10-03,112899.64,1.188157037159707
2021-10-10,112833.2,1.1859593531166779
2021-10-17,114647.99,1.245988477506333
2021-10-24,106296.18,0.9697296038246597
2021-10-31,103500.71,0.877261816170139
2021-11-07,104824.23,0.921040846643194
2021-11-14,106334.54,0.9709984653522123
2021-11-21,103035.02,0.8618578504567405
2021-11-28,102224.26,0.8350397542086032
2021-12-05,105069.69,0.9291601049996346
2021-12-12,107758.34,1.0180945300792554
2021-12-19,107200.56,0.9996444366788833
2021-12-26,105209.2133963173,0.9337752215215451
2022-01-02,104326.43332667976,0.9045748652219294
2022-01-09,102719.47,0.8514201743613489
2022-01-16,106927.79,0.9906218256551469
2022-01-23,108941.68,1.0572367250744086
2022-01-30,111910.1,1.155425305252137
2022-02-06,112244.94,1.166501050661045
2022-02-13,113572.35,1.2104087534840007
2022-02-20,112879.85,1.1875024289837357
2022-02-27,113141.94,1.1961717699054315
2022-03-06,114473.78,1.240226007049739
2022-03-13,111713.07,1.1489080011130943
2022-03-20,115310.91,1.2679163629037562
2022-03-27,119081.13,1.3926266629144266
2022-04-03,121570.15,1.4749577817702382
2022-04-10,118322.26,1.367524969811876
2022-04-17,115929.54027145526,1.2883792448440323
2022-04-24,111077.51,1.1278851222692117
2022-05-01,107876.16,1.0219917476281672
2022-05-08,105134.73,0.9313114802277893
2022-05-15,106924.18,0.9905024150682213
2022-05-22,108487.88,1.042226053510192
2022-05-29,111941.68,1.1564698998047986
2022-06-05,111102.32,1.1287057806242324
2022-06-12,105481.23,0.9427729119091494
2022-06-19,99824.94,0.7556757072772303
2022-06-26,98672.26,0.7175476753278214
2022-07-03,98953.9,0.7268636857715104
2022-07-10,100288.94,0.7710237716355306
2022-07-17,96551.0,0.6473812205849592
2022-07-24,98924.82,0.7259017855311243
2022-07-31,103164.69,0.866147039045837
2022-08-07,106471.92,0.9755426832003661
2022-08-14,112764.26,1.1836789747613734
2022-08-21,111496.21,1.1417347656890835
2022-08-28,112298.86,1.1682846015881991
2022-09-04,110864.24,1.1208306358776285
2022-09-11,112300.41,1.16833587206181
2022-09-18,109280.37,1.0684398197242206
2022-09-25,111716.0,1.1490049188470808
2022-10-02,110036.79,1.093460472400741
2022-10-09,116375.25,1.303122308634604
2022-10-16,112072.34,1.1607918353415563
2022-10-23,119928.79,1.420665327211747
2022-10-30,114539.05,1.2423849901546233
2022-11-06,118155.46,1.3620076052968666
2022-11-13,112253.49,1.1667838652090268
2022-11-20,108870.17,1.0548713369660854
2022-11-27,108976.7,1.0583951070007616
2022-12-04,111923.93,1.1558827701876437
2022-12-11,107519.56,1.0101962309252146
2022-12-18,102855.7,0.8559263528258557
2022-12-25,109697.57,1.0822398465567273
2023-01-01,107991.94462122452,1.0258216394778554
2023-01-08,108963.7,1.0579650965769298
2023-01-15,110916.08,1.1225453851369696
2023-01-22,112040.64,1.1597432714619054
2023-01-29,112316.16,1.1688568462291444
2023-02-05,108523.47,1.0434032897397434
2023-02-12,108078.27,1.0286770866097537
2023-02-19,109176.92,1.0650179290822677
2023-02-26,105798.43,0.9532651662506425
2023-03-05,103865.99,0.8893444475253113
2023-03-12,103618.2,0.8811481180698298
2023-03-19,101981.53,0.8270107980411674
2023-03-26,98829.27,0.7227412089159612
2023-04-02,101882.2,0.8237251876258441
2023-04-09,101503.91641206836,0.8112124271662244
2023-04-16,106279.37,0.9691735672689205
2023-04-23,104117.18247722927,0.8976533231865951
2023-04-30,104431.63,0.9080545318434772
2023-05-07,105148.48,0.9317662989453036
2023-05-14,108463.84,1.0414308650033521
2023-05-21,110744.51,1.1168702398741384
2023-05-28,110905.51,1.1221957535846694
2023-06-04,112558.15,1.1768613248801465
2023-06-11,117019.48,1.324431971353457
2023-06-18,118758.42,1.3819521503086785
2023-06-25,118977.1,1.389185587192026
2023-07-02,118087.0,1.359743104249519
2023-07-09,118897.99,1.3865688083743855
2023-07-16,117710.54,1.3472906639298512
2023-07-23,120216.77,1.4301910504313666
2023-07-30,120187.11,1.429209965110532
2023-08-06,119507.68,1.4067359664748422
2023-08-13,118065.14,1.3590200251829836
2023-08-20,115408.52,1.271145079632234
2023-08-27,115837.2,1.2853248387467084
2023-09-03,117892.96,1.3533247025079576
2023-09-10,115313.4,1.2679987264387822
2023-09-17,118757.53,1.3819227111335084
2023-09-24,116008.64,1.2909956839053012
2023-10-01,116565.17,1.3094044301495358
2023-10-08,114169.63,1.2301654170183232
2023-10-15,115754.08,1.2825754182521785
2023-10-22,113155.28,1.1966130267557327
2023-10-29,113301.35,1.2014446900333555
2023-11-05,118159.97,1.3621567858362111
2023-11-12,120568.14,1.4418135706330388
2023-11-19,124773.21,1.5809077193208796
2023-11-26,125517.27,1.6055195313175108
2023-12-03,128184.91,1.69375899339677
2023-12-10,127093.57,1.6576599490933488
2023-12-17,130197.1,1.7603176606836846
2023-12-24,132752.93,1.8448587023407417
2023-12-31,133675.18078164136,1.8753646599940275
2024-01-07,132022.92,1.8207116323790984
2024-01-14,130987.67,1.7864679176658858
2024-01-21,127635.65,1.6755907222126316
2024-01-28,128967.32,1.719639336143705
2024-02-04,127182.25,1.6605932817383788
2024-02-11,128025.7,1.688492688813828
2024-02-18,128725.88,1.7116530502414031
2024-02-25,129418.73,1.7345709519453862
2024-03-03,129180.37,1.7266865454358078
2024-03-10,127070.79,1.6569064385198957
2024-03-17,126741.81,1.6460245285789612
2024-03-24,127027.1,1.6554612727185725
2024-03-31,127550.69034851674,1.6727804502324082
2024-04-07,126795.41,1.6477974946341443
2024-04-14,125946.09,1.6197039213134725
2024-04-21,125124.3,1.592520977759577
2024-04-28,126526.27,1.638894955751832
2024-05-05,128508.67,1.7044682376136735
2024-05-12,127599.57,1.6743972778978746
2024-05-19,128150.71,1.6926277352048436
2024-05-26,124305.57,1.5654392520439064
2024-06-02,122098.09,1.4924208358592923
2024-06-09,120767.19,1.4483976917764003
2024-06-16,119662.38,1.4118530905184397
2024-06-23,121341.13,1.4673823212113204
2024-06-30,123906.55,1.5522405782502662
2024-07-07,126267.05,1.630320547900628
2024-07-14,128896.98,1.717312648973526
2024-07-21,127616.46,1.6749559606716067
2024-07-28,127492.49,1.6708553151144978
2024-08-04,125854.09,1.6166607706217406
2024-08-11,130614.59,1.7741272800564145
2024-08-18,133953.25,1.8845625571048692
2024-08-25,135608.47,1.9393134689306146
2024-09-01,136004.01,1.9523970322415678
2024-09-08,134572.45,1.9050442843692221
2024-09-15,134881.95,1.9152818402289074
2024-09-22,131065.44,1.7890403723321466
2024-09-29,132730.36,1.8441121380895198
2024-10-06,131791.55,1.8130584391666407
2024-10-13,129992.29,1.7535430118448405
2024-10-20,130499.26,1.7703124260425291
2024-10-27,129893.32,1.7502693094104853
2024-11-03,128120.75,1.691636726566536
2024-11-10,127829.8,1.6820127625039336
2024-11-17,127791.79401294906,1.6807556109193247
2024-11-24,129125.51,1.724871901447238
2024-12-01,125667.83,1.61049971357998
2024-12-08,125945.67,1.6196900286690104
2024-12-15,124612.22,1.5755825363875975
2024-12-22,122102.15,1.4925551314224272
2024-12-29,120269.31,1.4319289540981448
2025-01-05,118532.68,1.3744851846874655
2025-01-12,118856.48,1.3851957520133658
2025-01-19,122350.38,1.5007660150768691
2025-01-26,122446.94,1.5039600001941913
2025-02-02,126134.94,1.6259506496627507
2025-02-09,124619.4,1.575820034452452
2025-02-16,128218.59,1.694873051171743
2025-02-23,127128.06,1.658800799825499
2025-03-02,122799.09,1.5156083210212934
2025-03-09,125034.63,1.5895548981668857
2025-03-16,128957.09,1.719300951017874
2025-03-23,132344.88,1.8313613366911636
2025-03-30,131902.18,1.8167178278734486
2025-04-06,127256.0,1.663032763950501
2025-04-13,127682.4,1.6771371058521802
2025-04-20,129915.48500769472,1.7510024774376418
2025-04-27,134739.28,1.9105626412159786
2025-05-04,135133.88,1.9236151114655162
2025-05-11,136511.88,1.9691962163916752
2025-05-18,139187.39,2.0576960001659774
2025-05-25,137824.29,2.012607753340979
2025-06-01,137026.62,1.9862226445119153
2025-06-08,136102.1,1.9556416262780023
2025-06-15,137212.63,1.992375432122449
2025-06-22,137115.83,1.9891735083511477
2025-06-29,136865.79,1.9809027540146196
2025-07-06,141263.56,2.126370980292642
2025-07-13,136187.31,1.9584601792175942
2025-07-20,133381.58,1.8656530141054948
2025-07-27,133524.18,1.8703698976776795
2025-08-03,132437.39,1.8344213570226
2025-08-10,135913.25,1.9493948979287241
2025-08-17,136340.77,1.9635362868823025
2025-08-24,137968.15,2.01736631484655
2025-08-31,141422.26,2.1316204152358798
2025-09-07,142640.14,2.171905114849429
2025-09-14,142271.58,2.1597139885565504
2025-09-21,145865.11,2.27857978535285
2025-09-28,145446.66,2.2647384113642066
2025-10-05,144200.65,2.223523235348935
2025-10-12,140680.34,2.1070793895705555
2025-10-19,143398.63,2.1969942384165133
2025-10-26,146172.21,2.288737954672751
2025-11-02,149540.43,2.4001510092695493
2025-11-09,154063.53,2.5497648668105586
2025-11-16,157738.69,2.671330798291272
2025-11-23,154770.0,2.573133287127818
